name,link
Shabirhusain S Abadin,https://profiles.rush.edu/profile/15948548
Ra-Id M Abdulla,https://profiles.rush.edu/profile/200981
Homer  Abiad,https://profiles.rush.edu/profile/15948549
Kurian P Abraham,https://profiles.rush.edu/profile/14506947
Rana R Abraham,https://profiles.rush.edu/profile/200982
Richard I Abrams,https://profiles.rush.edu/profile/200983
Sol  Abreu-Sosa,https://profiles.rush.edu/profile/14507338
Abde Abukhdeir,https://profiles.rush.edu/profile/200984
Vasant R Acharya,https://profiles.rush.edu/profile/448463
Jehan  Adamji,https://profiles.rush.edu/profile/30804098
Adrienne L Adams,https://profiles.rush.edu/profile/15948550
Sarah  Adelstein,https://profiles.rush.edu/profile/14507343
Oluwatoyin M Adeyemi,https://profiles.rush.edu/profile/15948551
Motunrayo  Adisa,https://profiles.rush.edu/profile/15948552
Ayman M Ads,https://profiles.rush.edu/profile/15948553
Neelum T Aggarwal,https://profiles.rush.edu/profile/177823
Erin  Agins,https://profiles.rush.edu/profile/28800309
Janyce Cagan Agruss,https://profiles.rush.edu/profile/200985
Aamina  Ahmad,https://profiles.rush.edu/profile/28800310
Rashid Ahmad,https://profiles.rush.edu/profile/448412
Usama  Ahmad,https://profiles.rush.edu/profile/14507500
Amina Ahmed,https://profiles.rush.edu/profile/448411
Gasudraz S Ahmed,https://profiles.rush.edu/profile/15948554
Ghada  Ahmed,https://profiles.rush.edu/profile/15948555
Hua Asher Ai,https://profiles.rush.edu/profile/14506799
Sarah H Ailey,https://profiles.rush.edu/profile/200986
Efesomwan  Aisien,https://profiles.rush.edu/profile/15948556
Lameese  Akacem,https://profiles.rush.edu/profile/15948557
Kristin J Al-Ghoul,https://profiles.rush.edu/profile/204523
Lena Al-Harthi,https://profiles.rush.edu/profile/204551
Samer Al-Khudari,https://profiles.rush.edu/profile/200987
Thomas R Alcorn,https://profiles.rush.edu/profile/14507462
Michael  Alebich,https://profiles.rush.edu/profile/15948558
Gillian  Alex,https://profiles.rush.edu/profile/14506769
Philip  Alexander,https://profiles.rush.edu/profile/14507236
Alicia  Ali,https://profiles.rush.edu/profile/15948559
Marie M. Altenburg,https://profiles.rush.edu/profile/28800303
Patricia S Altman,https://profiles.rush.edu/profile/15948996
Rosalinda  Alvarado,https://profiles.rush.edu/profile/14507280
Saad  Alvi,https://profiles.rush.edu/profile/15948231
Mamata  Alwarshetty,https://profiles.rush.edu/profile/14507057
Tareq Alyousef,https://profiles.rush.edu/profile/14507463
Parag  Amin,https://profiles.rush.edu/profile/14507237
Sandeep D Amin,https://profiles.rush.edu/profile/521338
Dana  Anderson,https://profiles.rush.edu/profile/14507769
Matthew M Anderson,https://profiles.rush.edu/profile/15948560
Ambar  Andrade,https://profiles.rush.edu/profile/15948986
Philip R Andreoli,https://profiles.rush.edu/profile/15948561
Janis  Anfossi,https://profiles.rush.edu/profile/15948562
Sobia N Ansari,https://profiles.rush.edu/profile/200917
Sobia N Ansari,https://profiles.rush.edu/profile/200991
David A Ansell,https://profiles.rush.edu/profile/200992
Bradley M Appelhans,https://profiles.rush.edu/profile/200959
Michael  Appiagyei,https://profiles.rush.edu/profile/14507059
Vijayalakshmi Arekapudi,https://profiles.rush.edu/profile/448478
Robert M Arensman,https://profiles.rush.edu/profile/15948563
Konstantinos Arfanakis,https://profiles.rush.edu/profile/200993
Andrew  Arndt,https://profiles.rush.edu/profile/200996
Andrew  Aronson,https://profiles.rush.edu/profile/15948564
Bulent  Arslan,https://profiles.rush.edu/profile/14507669
Zoe Arvanitakis,https://profiles.rush.edu/profile/177824
Leonidas  Arvanitis,https://profiles.rush.edu/profile/15948565
Jean R Aschkenasy,https://profiles.rush.edu/profile/200997
Yasmin  Asvat,https://profiles.rush.edu/profile/14507530
Elizabeth  Atchison,https://profiles.rush.edu/profile/15948566
Patrick  Atisha,https://profiles.rush.edu/profile/14507238
Steve  Attanasio,https://profiles.rush.edu/profile/14507348
Bashar  Attar,https://profiles.rush.edu/profile/15948567
Jessica   Audet,https://profiles.rush.edu/profile/33786198
Madeline  August,https://profiles.rush.edu/profile/15948973
Priscilla  Auguston,https://profiles.rush.edu/profile/15948568
Sawsan M Awad,https://profiles.rush.edu/profile/200999
Artem G Ayuyan,https://profiles.rush.edu/profile/201000
Mariam S Aziz,https://profiles.rush.edu/profile/204590
Elizabeth M Babich,https://profiles.rush.edu/profile/14507818
Judith Ann Badner,https://profiles.rush.edu/profile/448406
Sheila Badri,https://profiles.rush.edu/profile/14507349
Shyamala K Badrinath,https://profiles.rush.edu/profile/15948569
Gabriela  Baeza,https://profiles.rush.edu/profile/15948570
Charlotte J Bai,https://profiles.rush.edu/profile/201002
Charlotte J Bai,https://profiles.rush.edu/profile/448501
Michele L Bailey,https://profiles.rush.edu/profile/201003
Sanford Baim,https://profiles.rush.edu/profile/201030
Senada  Bajmakovic-Kacila,https://profiles.rush.edu/profile/14507351
Roy A Bakay,https://profiles.rush.edu/profile/15948571
Elizabeth A Baker,https://profiles.rush.edu/profile/201004
Antoaneta J Balabanov,https://profiles.rush.edu/profile/14507555
Roumen D Balabanov,https://profiles.rush.edu/profile/15948572
Jorge M Balaguer,https://profiles.rush.edu/profile/15948573
Robert A Balk,https://profiles.rush.edu/profile/201008
Kathrin Banach,https://profiles.rush.edu/profile/204598
Sindhura Bandi,https://profiles.rush.edu/profile/448349
Tristan S Banks,https://profiles.rush.edu/profile/14507465
Michael J Barbee,https://profiles.rush.edu/profile/201010
Cristina  Barboi,https://profiles.rush.edu/profile/448496
Sandra  Barcelona,https://profiles.rush.edu/profile/28800304
William  Barge,https://profiles.rush.edu/profile/15948970
Edward Barker,https://profiles.rush.edu/profile/204552
Lisa L. Barnes,https://profiles.rush.edu/profile/14507009
Elisabeth R Barrett,https://profiles.rush.edu/profile/14507819
Brandon R Barton,https://profiles.rush.edu/profile/201012
Gail M Basch,https://profiles.rush.edu/profile/14506771
Shruti  Bassi,https://profiles.rush.edu/profile/23957681
Anupam  Basu,https://profiles.rush.edu/profile/14507557
Dina  Batlivala,https://profiles.rush.edu/profile/15949002
Pete (Sukhpreet) S. Batra,https://profiles.rush.edu/profile/201013
Marta Batus,https://profiles.rush.edu/profile/204574
Margaret  Bavis,https://profiles.rush.edu/profile/14507062
Pravir  Baxi,https://profiles.rush.edu/profile/14507240
Mohamed M Bayoumi,https://profiles.rush.edu/profile/15948574
Elizabeth  Becerra,https://profiles.rush.edu/profile/15948575
Jacqueline  Beck,https://profiles.rush.edu/profile/15948577
Ronald G Beckett,https://profiles.rush.edu/profile/15948576
Magdalena  Bednarczyk,https://profiles.rush.edu/profile/14507063
Alex  Behar,https://profiles.rush.edu/profile/15948257
Jay M Behel,https://profiles.rush.edu/profile/201016
Mallory  Bejster,https://profiles.rush.edu/profile/14507064
Paula J Belice,https://profiles.rush.edu/profile/15948578
David A Bennett,https://profiles.rush.edu/profile/29652
Andrew J Berenz,https://profiles.rush.edu/profile/1128929
Natalie  Berger,https://profiles.rush.edu/profile/14507187
Richard A. Berger,https://profiles.rush.edu/profile/197283
Adriana C Bermeo-Ovalle,https://profiles.rush.edu/profile/201017
Bryan A Bernard,https://profiles.rush.edu/profile/201018
Damian A Bernard,https://profiles.rush.edu/profile/448461
Lisa  Berreman,https://profiles.rush.edu/profile/15948991
Elizabeth M Berry-Kravis,https://profiles.rush.edu/profile/204536
Kyle  Bersted,https://profiles.rush.edu/profile/1589284
Thomas Betlej,https://profiles.rush.edu/profile/14507466
Sudeep H Bhabad,https://profiles.rush.edu/profile/14507358
Shelu  Bhandari,https://profiles.rush.edu/profile/15948579
Harvinder P Bhardwaj,https://profiles.rush.edu/profile/15948580
Joel R Biala,https://profiles.rush.edu/profile/14506833
Antonio C Bianco,https://profiles.rush.edu/profile/204569
Elaine M Biester,https://profiles.rush.edu/profile/448479
Kevin  Bigart,https://profiles.rush.edu/profile/15948966
Harold R Bigger,https://profiles.rush.edu/profile/201019
Anila  Bindal,https://profiles.rush.edu/profile/15948581
Steven D Bines,https://profiles.rush.edu/profile/201020
Andrew  Birkhead,https://profiles.rush.edu/profile/15948236
Brian W Birmingham,https://profiles.rush.edu/profile/14507670
Faraz Bishehsari,https://profiles.rush.edu/profile/204563
Sarah  Bjork,https://profiles.rush.edu/profile/28800305
Mindy L Blackwell,https://profiles.rush.edu/profile/448416
Alan  Blank,https://profiles.rush.edu/profile/14507561
Edward  Robert Blazek,https://profiles.rush.edu/profile/14506699
Katherine D. Blizinsky,https://profiles.rush.edu/profile/521339
Joel A Block,https://profiles.rush.edu/profile/204595
Joshua Blomgren,https://profiles.rush.edu/profile/204546
Patricia M Boatwright,https://profiles.rush.edu/profile/448464
Jessica L Boettcher,https://profiles.rush.edu/profile/15948582
Lisa N Boggio,https://profiles.rush.edu/profile/204575
Elizabeth L Bolen,https://profiles.rush.edu/profile/15948583
Beth N Bolick,https://profiles.rush.edu/profile/448322
Jeffrey Allen Borgia,https://profiles.rush.edu/profile/204537
Christine Ann Borgstrom,https://profiles.rush.edu/profile/14507705
Keith  Bowersox,https://profiles.rush.edu/profile/14506951
Rakhee M Bowker,https://profiles.rush.edu/profile/14507285
Cynthia Boyd,https://profiles.rush.edu/profile/201026
Keith Boyd,https://profiles.rush.edu/profile/201027
Patricia A Boyle,https://profiles.rush.edu/profile/204530
Georgia  Bozeday,https://profiles.rush.edu/profile/15948230
Brinda  Bradaric,https://profiles.rush.edu/profile/448417
Michael Bradaric,https://profiles.rush.edu/profile/448343
Amanda  Bradke,https://profiles.rush.edu/profile/14507563
Lauren E Bradley,https://profiles.rush.edu/profile/201029
Cheston D Brauer,https://profiles.rush.edu/profile/15948584
Jaime R Braverman,https://profiles.rush.edu/profile/14506836
Susan M Breitenstein,https://profiles.rush.edu/profile/29662
Jessica  Brennan,https://profiles.rush.edu/profile/15948585
Rory P Breslin-Sani,https://profiles.rush.edu/profile/14507286
Mitchell  Bressack,https://profiles.rush.edu/profile/14507068
Katherine Z Brito,https://profiles.rush.edu/profile/15948586
Elizabeth  Brockland,https://profiles.rush.edu/profile/14506700
Monique M Brotman,https://profiles.rush.edu/profile/448480
Frederick M Brown Jr.,https://profiles.rush.edu/profile/14506754
Eleanor  Brown,https://profiles.rush.edu/profile/28800306
Eric R Brown,https://profiles.rush.edu/profile/15948587
Maria I Brown,https://profiles.rush.edu/profile/448529
Mary L Brown,https://profiles.rush.edu/profile/14507069
Michael D Brown,https://profiles.rush.edu/profile/201033
Solveig  Brown,https://profiles.rush.edu/profile/28800307
Steven Brown,https://profiles.rush.edu/profile/197279
Melissa  Browning,https://profiles.rush.edu/profile/14507070
Julia R. Bruene,https://profiles.rush.edu/profile/204547
Angela  Brunfeldt,https://profiles.rush.edu/profile/15948588
Christopher P Bruti,https://profiles.rush.edu/profile/201034
Aron S Buchman,https://profiles.rush.edu/profile/177825
Lela E Buckingham,https://profiles.rush.edu/profile/201035
Susan K Buehler (Roepke),https://profiles.rush.edu/profile/14507362
Colleen M Buhrfiend,https://profiles.rush.edu/profile/448398
Aleksandra Anna Bukiej,https://profiles.rush.edu/profile/2473430
Daniel  Bunzol,https://profiles.rush.edu/profile/14507775
Nancy  Burdorick,https://profiles.rush.edu/profile/28800286
Helen J. Burgess,https://profiles.rush.edu/profile/204529
Carol S Burke,https://profiles.rush.edu/profile/14507708
John W Burns,https://profiles.rush.edu/profile/29663
Karen  Burns,https://profiles.rush.edu/profile/14506954
Katrina Elizabeth Burns,https://profiles.rush.edu/profile/14506953
Delilah  Burrowes,https://profiles.rush.edu/profile/15949004
Charles A. Bush-Joseph,https://profiles.rush.edu/profile/197284
Joao Busnello,https://profiles.rush.edu/profile/200963
Caroline  Butler,https://profiles.rush.edu/profile/15948226
John N Butos,https://profiles.rush.edu/profile/14506837
Asokumar Buvanendran,https://profiles.rush.edu/profile/204524
David R Buyer,https://profiles.rush.edu/profile/15948589
Michael  Byrne,https://profiles.rush.edu/profile/14507071
Richard W Byrne,https://profiles.rush.edu/profile/15948590
Paul G Cabanilla,https://profiles.rush.edu/profile/14507241
Jacqueline R Cameron,https://profiles.rush.edu/profile/14506839
James R Cameron,https://profiles.rush.edu/profile/14506838
Jeff Canar,https://profiles.rush.edu/profile/201040
Jourdan Cancienne,https://profiles.rush.edu/profile/14506840
Ana  Capuano,https://profiles.rush.edu/profile/742360
Timothy  Caragher,https://profiles.rush.edu/profile/15948591
Ellen  Carbonell,https://profiles.rush.edu/profile/14506701
Anne B Cardwell,https://profiles.rush.edu/profile/14507566
Rene P Carizey,https://profiles.rush.edu/profile/14507287
Raquel M Carneiro,https://profiles.rush.edu/profile/15948592
Stacey M Carroll,https://profiles.rush.edu/profile/14507363
Paul E Casey,https://profiles.rush.edu/profile/14507242
Myriame  Casimir Hunt,https://profiles.rush.edu/profile/15948593
Erin E Caskey,https://profiles.rush.edu/profile/14506702
Demetra C Castillo,https://profiles.rush.edu/profile/15948594
Catherine D Catrambone,https://profiles.rush.edu/profile/201046
James L Cavanaugh,https://profiles.rush.edu/profile/15948595
Kevin Patrick Cavanaugh,https://profiles.rush.edu/profile/15948949
Stephanie V Cavanaugh,https://profiles.rush.edu/profile/448542
Jorge Chahla,https://profiles.rush.edu/profile/14506842
Edie Y Chan,https://profiles.rush.edu/profile/201048
I Ja  Chan,https://profiles.rush.edu/profile/15948596
Sonal Chandra,https://profiles.rush.edu/profile/448409
Sonal Chandra,https://profiles.rush.edu/profile/448502
Andrew  Chapman,https://profiles.rush.edu/profile/15948597
Michael D. Charles,https://profiles.rush.edu/profile/15948989
Vivek  Chaturvedi,https://profiles.rush.edu/profile/14507504
Hitesh  Chawla,https://profiles.rush.edu/profile/15948598
Ana V Chee,https://profiles.rush.edu/profile/201051
Christina  Chen,https://profiles.rush.edu/profile/14507712
Di Chen,https://profiles.rush.edu/profile/29664
Elaine Chen,https://profiles.rush.edu/profile/201052
Elaine Chen,https://profiles.rush.edu/profile/448525
Joyce  Chen,https://profiles.rush.edu/profile/14506843
Lihua  Chen,https://profiles.rush.edu/profile/15948599
Meri E Chen,https://profiles.rush.edu/profile/14507074
Michael Chen,https://profiles.rush.edu/profile/204606
Regina  Chen,https://profiles.rush.edu/profile/448420
Stuart H. Chen,https://profiles.rush.edu/profile/14507365
Yimin  Chen,https://profiles.rush.edu/profile/448421
Allison E Chen-Mccracken,https://profiles.rush.edu/profile/448481
David S. Cheng,https://profiles.rush.edu/profile/200956
Lin  Cheng,https://profiles.rush.edu/profile/14507013
Jonathan Cheponis,https://profiles.rush.edu/profile/448388
Laurel J Cherian,https://profiles.rush.edu/profile/201053
Vladimir V Cherny,https://profiles.rush.edu/profile/201054
Edward  Cherullo,https://profiles.rush.edu/profile/14506704
Bantu S Chhangani,https://profiles.rush.edu/profile/14507673
Sheba  Chiplunkar,https://profiles.rush.edu/profile/14507366
Bill  Chiu,https://profiles.rush.edu/profile/15948600
Sylvia  Chlebek,https://profiles.rush.edu/profile/28800287
Gary W Chmielewski,https://profiles.rush.edu/profile/201055
Daniel K Choi,https://profiles.rush.edu/profile/15948601
Lisa M Chorzempa-Schainis,https://profiles.rush.edu/profile/448465
Nicole  Christin,https://profiles.rush.edu/profile/15948602
Michelle S. Christopher,https://profiles.rush.edu/profile/15948971
David  Chu,https://profiles.rush.edu/profile/15948915
Christine  Chuck,https://profiles.rush.edu/profile/15948235
Sumant  Chugh,https://profiles.rush.edu/profile/448385
Vishnu V Chundi,https://profiles.rush.edu/profile/15948603
David J Cimbaluk,https://profiles.rush.edu/profile/14507778
Joseph M Civantos,https://profiles.rush.edu/profile/14506844
Tamara  Claman,https://profiles.rush.edu/profile/15948604
Galeta C Clayton,https://profiles.rush.edu/profile/14506774
Lionel Clement,https://profiles.rush.edu/profile/521340
Melody A Cobleigh,https://profiles.rush.edu/profile/204576
Robaab  Cocco,https://profiles.rush.edu/profile/8528198
Sarah M Cocoma,https://profiles.rush.edu/profile/14507367
James  Coggan,https://profiles.rush.edu/profile/15948959
Fredric S Cohen,https://profiles.rush.edu/profile/204600
Jack Cohen,https://profiles.rush.edu/profile/201058
Mark S Cohen,https://profiles.rush.edu/profile/197285
Sara  Cohen,https://profiles.rush.edu/profile/28800288
Ada  Cole,https://profiles.rush.edu/profile/15948605
Brian Cole,https://profiles.rush.edu/profile/197286
Jennifer  Coleman,https://profiles.rush.edu/profile/14506845
Matthew Colman,https://profiles.rush.edu/profile/197287
Fareed Moses Segundo Collado,https://profiles.rush.edu/profile/14506755
Julie A Collins,https://profiles.rush.edu/profile/14506846
James J Conners,https://profiles.rush.edu/profile/204608
Christopher L Coogan,https://profiles.rush.edu/profile/201060
John Q Cook,https://profiles.rush.edu/profile/14506847
Suzanne K Cooperman,https://profiles.rush.edu/profile/15948606
Carol L Corbridge,https://profiles.rush.edu/profile/14507716
Leo  Correa,https://profiles.rush.edu/profile/15948607
Joyce Corsica,https://profiles.rush.edu/profile/201063
Edmundo P Cortez,https://profiles.rush.edu/profile/15948608
Rosario M Cosme-Cruz,https://profiles.rush.edu/profile/14507289
Paula J Costello,https://profiles.rush.edu/profile/15948926
Fawn Cothran,https://profiles.rush.edu/profile/201064
Scott E Counts,https://profiles.rush.edu/profile/15948609
Brian Couri,https://profiles.rush.edu/profile/14507674
Paul  Courtney,https://profiles.rush.edu/profile/15948610
Chandice  Covington,https://profiles.rush.edu/profile/15948611
Melissa M Crane,https://profiles.rush.edu/profile/6435007
Stephanie Lynn Crane,https://profiles.rush.edu/profile/521341
Christopher Crank,https://profiles.rush.edu/profile/201066
Chadrick  Cross,https://profiles.rush.edu/profile/14507717
Stephanie  Crowley McWilliam,https://profiles.rush.edu/profile/204526
Richard W Crowley,https://profiles.rush.edu/profile/448296
John D Cull,https://profiles.rush.edu/profile/15948613
Jeffrey A Cullen,https://profiles.rush.edu/profile/15948612
Thomas  Cutting,https://profiles.rush.edu/profile/14507470
Jamie A Cvengros,https://profiles.rush.edu/profile/201070
Christina  Cwynar,https://profiles.rush.edu/profile/14507719
Heide R Cygan,https://profiles.rush.edu/profile/448299
Traci S D'Auguste,https://profiles.rush.edu/profile/15948615
Mohammad  Daaif,https://profiles.rush.edu/profile/14507076
Rima  Dafer,https://profiles.rush.edu/profile/14507290
Nausica  DAlfonso-Laghi,https://profiles.rush.edu/profile/28800289
Xin Dang,https://profiles.rush.edu/profile/521342
Henry I Danko,https://profiles.rush.edu/profile/15948614
Bezalel Dantz,https://profiles.rush.edu/profile/201072
Vaskar  Das,https://profiles.rush.edu/profile/2473425
Brian T. David,https://profiles.rush.edu/profile/521343
Elizabeth  Davis,https://profiles.rush.edu/profile/14506707
Tami S Davis,https://profiles.rush.edu/profile/201073
Teresa E Davis,https://profiles.rush.edu/profile/14507471
Vanessa  Davis,https://profiles.rush.edu/profile/15948616
Josie  Dawe,https://profiles.rush.edu/profile/15948238
Robert J Dawe,https://profiles.rush.edu/profile/201074
Catherine D Deamant,https://profiles.rush.edu/profile/15948617
Leslie A Deane,https://profiles.rush.edu/profile/201075
Thomas E DeCoursey,https://profiles.rush.edu/profile/201076
Robert P DeCresce,https://profiles.rush.edu/profile/201077
Rupel Dedhia,https://profiles.rush.edu/profile/201078
Irene I Dehghan-Paz,https://profiles.rush.edu/profile/448460
Craig Della Valle,https://profiles.rush.edu/profile/197288
Ewa Dembowski,https://profiles.rush.edu/profile/448503
Mark T DeMeo,https://profiles.rush.edu/profile/201081
Melchor  Demetria,https://profiles.rush.edu/profile/15948618
Jie  Deng,https://profiles.rush.edu/profile/1128930
Youping  Deng,https://profiles.rush.edu/profile/15948619
Laura L Deon,https://profiles.rush.edu/profile/14507014
Benjamin  Derman,https://profiles.rush.edu/profile/15948620
Gordon H Derman,https://profiles.rush.edu/profile/201082
Ithaar H Derweesh,https://profiles.rush.edu/profile/33786199
Pankaja  Desai,https://profiles.rush.edu/profile/1295399
Seema N Desai,https://profiles.rush.edu/profile/204554
Harel Deutsch,https://profiles.rush.edu/profile/197278
Thomas A Deutsch,https://profiles.rush.edu/profile/14507473
Christopher J DeWald,https://profiles.rush.edu/profile/197289
Summer B Dewdney,https://profiles.rush.edu/profile/15948621
Klodian  Dhana,https://profiles.rush.edu/profile/14506918
Karim D Diab,https://profiles.rush.edu/profile/201084
Aidnag Z Diaz,https://profiles.rush.edu/profile/201085
Samer  Dibs,https://profiles.rush.edu/profile/15949000
Nico  Diederich,https://profiles.rush.edu/profile/15948622
Janice J Dieschbourg,https://profiles.rush.edu/profile/14506850
Jessica M Diethelm,https://profiles.rush.edu/profile/14506851
Dipti Dighe,https://profiles.rush.edu/profile/14507779
Catherine A Dimou,https://profiles.rush.edu/profile/14507721
Elia DiSavino,https://profiles.rush.edu/profile/14506708
Vinodinee Lanka Dissanayake,https://profiles.rush.edu/profile/14507507
Ismar  Dizdarevic,https://profiles.rush.edu/profile/15948623
Dragan  Djordjevic,https://profiles.rush.edu/profile/15948624
Nikola Dobrilovic,https://profiles.rush.edu/profile/201086
Andrea J Domas,https://profiles.rush.edu/profile/448440
Mireya  Dondalski,https://profiles.rush.edu/profile/15948625
Merrick  Donenberg,https://profiles.rush.edu/profile/15948919
Xin Qi Dong,https://profiles.rush.edu/profile/29655
Iulia  Dorneanu,https://profiles.rush.edu/profile/14506823
Andrew  Dorsch,https://profiles.rush.edu/profile/14507574
Julianne A Doucette,https://profiles.rush.edu/profile/448301
Rami Doukky,https://profiles.rush.edu/profile/201088
Sheila M Dowd,https://profiles.rush.edu/profile/201089
Claire Dowdle,https://profiles.rush.edu/profile/448369
Carrie  Draney,https://profiles.rush.edu/profile/748388
James  Dravenack,https://profiles.rush.edu/profile/15948626
Carrie L Drazba,https://profiles.rush.edu/profile/14507723
Sumeet Gulshan Dua,https://profiles.rush.edu/profile/1128924
Lei Duan,https://profiles.rush.edu/profile/201091
Meagan N Dubosky,https://profiles.rush.edu/profile/448424
Sheila A Dugan,https://profiles.rush.edu/profile/201092
Kunwarjit S Duggal,https://profiles.rush.edu/profile/15948628
Kathleen T Dunckley,https://profiles.rush.edu/profile/1295398
David M Durdov,https://profiles.rush.edu/profile/14507781
Joseph R Durham,https://profiles.rush.edu/profile/15948629
Jay M Dutton,https://profiles.rush.edu/profile/15948630
Richard  Dwyer,https://profiles.rush.edu/profile/14507293
Sean  Dyer,https://profiles.rush.edu/profile/15948227
Louise  Dykes,https://profiles.rush.edu/profile/14507018
Jason F Earle,https://profiles.rush.edu/profile/448302
Melinda D Earle,https://profiles.rush.edu/profile/14507082
Jennifer S Earvolino,https://profiles.rush.edu/profile/14506853
Michael S Easton,https://profiles.rush.edu/profile/15948631
John  Ebersole,https://profiles.rush.edu/profile/14506854
Kerry Danahy Ebert,https://profiles.rush.edu/profile/201096
Jennifer  Edidin,https://profiles.rush.edu/profile/14506855
Lakieta  Edwards,https://profiles.rush.edu/profile/15948934
Bob Eisenberg,https://profiles.rush.edu/profile/201097
Shahid Ekbal,https://profiles.rush.edu/profile/448527
Andem E Ekpenyong,https://profiles.rush.edu/profile/201098
Bruce  Elegant,https://profiles.rush.edu/profile/15948632
Osama  Elkhatib,https://profiles.rush.edu/profile/14507227
Osama  Eltayeb,https://profiles.rush.edu/profile/15948237
Erin E Emery-Tiburcio,https://profiles.rush.edu/profile/201099
Rachel  Epstein,https://profiles.rush.edu/profile/15948261
Randy Epstein,https://profiles.rush.edu/profile/14507294
James Owen Ertle,https://profiles.rush.edu/profile/448407
Naomi E Ervin,https://profiles.rush.edu/profile/15948633
Fatema  Esmail,https://profiles.rush.edu/profile/15948904
Alejandro A Espinoza Orias,https://profiles.rush.edu/profile/197290
Brent J Estes,https://profiles.rush.edu/profile/15948634
Sheila L Eswaran,https://profiles.rush.edu/profile/201102
Sally A Evankoe,https://profiles.rush.edu/profile/448303
Sarah L Everakes,https://profiles.rush.edu/profile/201103
Brandie L Fagin,https://profiles.rush.edu/profile/14507678
Jose M Farfel,https://profiles.rush.edu/profile/14506858
Mary  Farhi,https://profiles.rush.edu/profile/14507089
Hafeez M Faridi,https://profiles.rush.edu/profile/201104
Erin  Farlow,https://profiles.rush.edu/profile/15948635
Carol J Farran,https://profiles.rush.edu/profile/201105
Rebecca  Feinstein,https://profiles.rush.edu/profile/15948995
John Fernandez,https://profiles.rush.edu/profile/201108
Christopher Ferrigno,https://profiles.rush.edu/profile/201109
Raechel M Ferry-Rooney,https://profiles.rush.edu/profile/448304
Richard G Fessler,https://profiles.rush.edu/profile/201110
April Fetzer,https://profiles.rush.edu/profile/200957
Holger  Fey,https://profiles.rush.edu/profile/15948636
Mary J Fidler,https://profiles.rush.edu/profile/204577
Alexander L Figueroa,https://profiles.rush.edu/profile/15948637
Lourdes Carolina Figueroa,https://profiles.rush.edu/profile/448402
Bethany  Figura,https://profiles.rush.edu/profile/15948939
Michael Fill,https://profiles.rush.edu/profile/204601
Peter M Fink,https://profiles.rush.edu/profile/14507247
Alison  Finnegan,https://profiles.rush.edu/profile/15948638
George A Fitchett,https://profiles.rush.edu/profile/201113
Max  Fitzgerald,https://profiles.rush.edu/profile/14507091
Stephanie L Fitzpatrick,https://profiles.rush.edu/profile/15948639
Edward  Flaherty,https://profiles.rush.edu/profile/15948640
Maribeth L Flaws,https://profiles.rush.edu/profile/201114
Jori E Fleisher,https://profiles.rush.edu/profile/1244992
Suzanne M Flood,https://profiles.rush.edu/profile/448305
Christopher  Flores,https://profiles.rush.edu/profile/28800290
Sharon P Foley,https://profiles.rush.edu/profile/201117
Caspian K Folmsbee,https://profiles.rush.edu/profile/14507726
Guillermo E Font,https://profiles.rush.edu/profile/448466
Ricardo B Fontes,https://profiles.rush.edu/profile/448399
Joseph  Forbess,https://profiles.rush.edu/profile/15948239
Haley  Ford,https://profiles.rush.edu/profile/15948641
Brian Forsythe,https://profiles.rush.edu/profile/197292
Jonathan  Foster,https://profiles.rush.edu/profile/33786200
Kharma C Foucher,https://profiles.rush.edu/profile/15948642
Susan M Fox,https://profiles.rush.edu/profile/201120
Michael W Frank,https://profiles.rush.edu/profile/14507092
Rachel  Frank,https://profiles.rush.edu/profile/15948643
Lauren  Franker,https://profiles.rush.edu/profile/15948253
Angela  Freeman,https://profiles.rush.edu/profile/15948897
Susan  Freeman,https://profiles.rush.edu/profile/15948266
Judith  Frei,https://profiles.rush.edu/profile/201123
Eileen M French-Sherry,https://profiles.rush.edu/profile/15948644
Marielle J Fricchione,https://profiles.rush.edu/profile/15948645
Nicole  Friel,https://profiles.rush.edu/profile/15948646
Tanya R Friese,https://profiles.rush.edu/profile/201125
Nicholas  Frisch,https://profiles.rush.edu/profile/15948647
Ibtihaj Fughhi,https://profiles.rush.edu/profile/521344
Brian C. Fuller,https://profiles.rush.edu/profile/15948968
Janet A Furman,https://profiles.rush.edu/profile/448425
Ramya  Gaddikeri,https://profiles.rush.edu/profile/14507297
Santhosh Gaddikeri,https://profiles.rush.edu/profile/521345
Christopher Gaiteri,https://profiles.rush.edu/profile/177826
Xochil  Galeano,https://profiles.rush.edu/profile/14507527
Uri  Galili,https://profiles.rush.edu/profile/15948898
Therese C Gallagher,https://profiles.rush.edu/profile/448307
Amie J Gamino,https://profiles.rush.edu/profile/201126
Rani Ganesan,https://profiles.rush.edu/profile/201127
Malini  Ganesh,https://profiles.rush.edu/profile/15949027
Joseph Garber,https://profiles.rush.edu/profile/14506862
Rajeev Kumar Garg,https://profiles.rush.edu/profile/204609
Lisa  Garland,https://profiles.rush.edu/profile/14507022
Andrew N Garman,https://profiles.rush.edu/profile/201128
Grant Garrigues,https://profiles.rush.edu/profile/14506778
Christine A Garvey,https://profiles.rush.edu/profile/15948648
Casey N Gashti,https://profiles.rush.edu/profile/448513
Paolo Gattuso,https://profiles.rush.edu/profile/201129
Amy L Gawura,https://profiles.rush.edu/profile/15948649
Kimberly A Gaydula,https://profiles.rush.edu/profile/15948650
Alice M Geis,https://profiles.rush.edu/profile/448308
Nicole M. Geissen,https://profiles.rush.edu/profile/14507193
Amy R Gelfand,https://profiles.rush.edu/profile/448426
Sapna  George-Mattappally,https://profiles.rush.edu/profile/15948651
James I Gerhart,https://profiles.rush.edu/profile/201130
Tad Gerlinger,https://profiles.rush.edu/profile/14507477
Scott A Gershan,https://profiles.rush.edu/profile/15948652
Henry  Gewurz,https://profiles.rush.edu/profile/15948653
Sefer Gezer,https://profiles.rush.edu/profile/201131
Huzefa  Ghadiali,https://profiles.rush.edu/profile/15948654
Leda A. Ghannad,https://profiles.rush.edu/profile/200958
James  Gholson,https://profiles.rush.edu/profile/15948975
Chandler  Gill,https://profiles.rush.edu/profile/14507728
Laurie A Gillard,https://profiles.rush.edu/profile/448427
Dirk Gillespie,https://profiles.rush.edu/profile/201133
Lisa  Giordano,https://profiles.rush.edu/profile/14507023
Emily Rose V Gippe,https://profiles.rush.edu/profile/15948940
Steven Gitelis,https://profiles.rush.edu/profile/200909
Claire  Giuffrida,https://profiles.rush.edu/profile/15948655
Susan B Glick,https://profiles.rush.edu/profile/14507379
Crystal M Glover,https://profiles.rush.edu/profile/201134
Lauren  Goebel,https://profiles.rush.edu/profile/15948656
Celine  Goetz,https://profiles.rush.edu/profile/14507729
Ann S Goh,https://profiles.rush.edu/profile/201135
Alan  Goldberg,https://profiles.rush.edu/profile/14507579
Robyn L Golden,https://profiles.rush.edu/profile/204513
Darcy  Goldfarb,https://profiles.rush.edu/profile/15948225
Jennifer  Goldfarb,https://profiles.rush.edu/profile/14506863
Marshall D Goldin,https://profiles.rush.edu/profile/201136
Jonathan S Goldner,https://profiles.rush.edu/profile/448543
Leah N Goldschmidt,https://profiles.rush.edu/profile/15948657
Corey N Goldstein,https://profiles.rush.edu/profile/200964
Laura  Goldstein,https://profiles.rush.edu/profile/15948906
Javier Alfonso Gomez Valencia,https://profiles.rush.edu/profile/15948658
Sandra L Gomez,https://profiles.rush.edu/profile/15948659
Kelsey  Gonring,https://profiles.rush.edu/profile/15948660
Larry J Goodman,https://profiles.rush.edu/profile/15948661
Samuel N. Goodman,https://profiles.rush.edu/profile/15948992
Melanie  Gordon,https://profiles.rush.edu/profile/15948662
Katarzyna (Kasia)  Gore,https://profiles.rush.edu/profile/14506960
Stephen Ryan Gore,https://profiles.rush.edu/profile/14507380
Marsha  Gorens,https://profiles.rush.edu/profile/448483
Madhu S Gorla,https://profiles.rush.edu/profile/15948663
Victor Gorre,https://profiles.rush.edu/profile/448428
Kate-Louise D Gottfried,https://profiles.rush.edu/profile/15948664
Michael  Gottlieb,https://profiles.rush.edu/profile/448447
Nina A Goyal,https://profiles.rush.edu/profile/15948665
Raj Goyal,https://profiles.rush.edu/profile/14507299
Paula  Grabler,https://profiles.rush.edu/profile/14507249
Amy L Grady,https://profiles.rush.edu/profile/448314
Jane C Grady,https://profiles.rush.edu/profile/15948666
Peter J Grant,https://profiles.rush.edu/profile/15948667
Jared A Greenberg,https://profiles.rush.edu/profile/448359
Michelle M Greene,https://profiles.rush.edu/profile/201137
Eric J Greenglass,https://profiles.rush.edu/profile/15948668
Michael  Greenspan,https://profiles.rush.edu/profile/15948669
Zachary  Grelewicz,https://profiles.rush.edu/profile/14507540
Katherine L Griem,https://profiles.rush.edu/profile/200976
Margaret  Griesemer,https://profiles.rush.edu/profile/15948259
Marilyn  Griffin,https://profiles.rush.edu/profile/15948999
Emily  Grossman,https://profiles.rush.edu/profile/15948670
Sarah C Grossmann,https://profiles.rush.edu/profile/15948935
Richard Grostern,https://profiles.rush.edu/profile/14507300
James Gruft,https://profiles.rush.edu/profile/14506864
Dorian F Guerra,https://profiles.rush.edu/profile/14507786
Mary J Guglielmo,https://profiles.rush.edu/profile/448429
Dennis  Gumbrecht,https://profiles.rush.edu/profile/15948672
Divya M Gupta,https://profiles.rush.edu/profile/14507787
Manya J Gupta,https://profiles.rush.edu/profile/14507094
Neha V Gupta,https://profiles.rush.edu/profile/14507197
David Peter Gurka,https://profiles.rush.edu/profile/201141
Payal  Gurnani,https://profiles.rush.edu/profile/15948228
Melike  Guryildirim,https://profiles.rush.edu/profile/15948965
Kristin A Gustashaw,https://profiles.rush.edu/profile/15948673
Alice  Hackett,https://profiles.rush.edu/profile/15948944
Indira S Hadley,https://profiles.rush.edu/profile/201142
Amy  Haeger,https://profiles.rush.edu/profile/14507582
Eunsil Hahm,https://profiles.rush.edu/profile/201143
Eunsil Hahm,https://profiles.rush.edu/profile/448370
Bridget J Hahn,https://profiles.rush.edu/profile/14507680
Narine Hakobyan,https://profiles.rush.edu/profile/200943
Deborah A Hall,https://profiles.rush.edu/profile/177811
Deborah J Hall,https://profiles.rush.edu/profile/200912
Nadim J Hallab,https://profiles.rush.edu/profile/200913
Marilyn M Hallock,https://profiles.rush.edu/profile/201144
Shannon  Halloway,https://profiles.rush.edu/profile/200979
Ira S Halper,https://profiles.rush.edu/profile/15948674
Lois A Halstead,https://profiles.rush.edu/profile/15948675
Abdullgabbar  Hamid,https://profiles.rush.edu/profile/14507583
Jamie L Hamill,https://profiles.rush.edu/profile/14506866
John L. Hamilton,https://profiles.rush.edu/profile/13352245
Ankitaben  Han,https://profiles.rush.edu/profile/14507584
Duke S Han,https://profiles.rush.edu/profile/201146
Michael A Hanak,https://profiles.rush.edu/profile/448531
Michael M Hanna,https://profiles.rush.edu/profile/14507095
Austin E Hanrahan,https://profiles.rush.edu/profile/14507586
Piper E Hansen,https://profiles.rush.edu/profile/14507251
Ioana  Haratau,https://profiles.rush.edu/profile/15948676
Kendra M Harmon,https://profiles.rush.edu/profile/15948677
Alan A Harris,https://profiles.rush.edu/profile/201148
Kirk A Harris,https://profiles.rush.edu/profile/15948678
Brian  Harting,https://profiles.rush.edu/profile/15948679
Anne K Hartley,https://profiles.rush.edu/profile/14507588
Dean M Hartley,https://profiles.rush.edu/profile/15948680
Sohail Hasan,https://profiles.rush.edu/profile/14507384
Scott G Hasler,https://profiles.rush.edu/profile/448443
Hesham A Hassaballa,https://profiles.rush.edu/profile/15948681
Sobia  Hassan,https://profiles.rush.edu/profile/2473429
Syed S Hassan,https://profiles.rush.edu/profile/14507385
Jennifer M Hattan,https://profiles.rush.edu/profile/448455
Jeffrey Hausdorff,https://profiles.rush.edu/profile/521347
Jessica A Hause,https://profiles.rush.edu/profile/15948932
Meir  Hauser,https://profiles.rush.edu/profile/14507097
Kristen M Haut,https://profiles.rush.edu/profile/521348
Jane A Hawksley,https://profiles.rush.edu/profile/448453
Mary K Hayden,https://profiles.rush.edu/profile/204591
Mary J Hayes,https://profiles.rush.edu/profile/15948682
Nicole M Heath,https://profiles.rush.edu/profile/201150
Liesi E Hebert,https://profiles.rush.edu/profile/15948683
Shawna V Hebert,https://profiles.rush.edu/profile/14507386
Nathanael  Heckmann,https://profiles.rush.edu/profile/15948977
Grady  Hedstrom,https://profiles.rush.edu/profile/15948933
Katherine B Heiden,https://profiles.rush.edu/profile/15948684
Scott  Heinrich,https://profiles.rush.edu/profile/14507387
Mary G Heitschmidt,https://profiles.rush.edu/profile/201152
Philip Held,https://profiles.rush.edu/profile/201153
Philip Held,https://profiles.rush.edu/profile/448371
William S Hendey,https://profiles.rush.edu/profile/15948685
Joseph (Joe) J Hennessy,https://profiles.rush.edu/profile/15948686
James J Herdegen,https://profiles.rush.edu/profile/201155
Laura  Hernandez Guarin,https://profiles.rush.edu/profile/14507026
Claudia  Hernandez,https://profiles.rush.edu/profile/14507733
Fernando  Hernandez,https://profiles.rush.edu/profile/14506758
Martin Hertl,https://profiles.rush.edu/profile/201156
Mary C Hertl,https://profiles.rush.edu/profile/15948916
Brian  Hesler,https://profiles.rush.edu/profile/15948948
Braden James Hexom,https://profiles.rush.edu/profile/14507683
Shannon  Hextrum,https://profiles.rush.edu/profile/30804100
Peter T Heydemann,https://profiles.rush.edu/profile/200944
Michelle Heyland,https://profiles.rush.edu/profile/448309
Franklin D Hicks,https://profiles.rush.edu/profile/14506760
Marisa E Hill,https://profiles.rush.edu/profile/204578
Barbara K Hinch,https://profiles.rush.edu/profile/201158
Bradley  Hinrichs,https://profiles.rush.edu/profile/15948687
Sara  Hock,https://profiles.rush.edu/profile/15948689
Jerome Hoeksema,https://profiles.rush.edu/profile/201163
Arthur  Hoffman,https://profiles.rush.edu/profile/15948690
Jacqueline M Hoffman,https://profiles.rush.edu/profile/14506869
Anne Hoffmann,https://profiles.rush.edu/profile/201167
Lance D Holemon,https://profiles.rush.edu/profile/14507027
Christine  Holland,https://profiles.rush.edu/profile/15948691
Edward F Hollinger,https://profiles.rush.edu/profile/204548
Melissa  Holmes,https://profiles.rush.edu/profile/14507098
Noa  Holoshitz,https://profiles.rush.edu/profile/15948692
Keith C Hood,https://profiles.rush.edu/profile/14506964
Tiffany K Hor,https://profiles.rush.edu/profile/201169
Karen  Hou,https://profiles.rush.edu/profile/14506965
Claire E Houzenga,https://profiles.rush.edu/profile/15948693
Diane M Howard,https://profiles.rush.edu/profile/201170
Josie  Howard-Ruben,https://profiles.rush.edu/profile/14506870
Danuta K Hoyer,https://profiles.rush.edu/profile/15948694
Lewis Li-yen Hsu,https://profiles.rush.edu/profile/14507028
Paula W Hsu,https://profiles.rush.edu/profile/15948695
Xiu-ti Hu,https://profiles.rush.edu/profile/200952
Fei  Huang,https://profiles.rush.edu/profile/15948696
Jian Huang,https://profiles.rush.edu/profile/448347
Richard L Huh,https://profiles.rush.edu/profile/14507302
Gregory D Huhn,https://profiles.rush.edu/profile/14506781
Teri M Hull,https://profiles.rush.edu/profile/201172
Ramona G Hunter,https://profiles.rush.edu/profile/448311
Rebecca  Hunter,https://profiles.rush.edu/profile/15948697
Syed Basir Hussaini,https://profiles.rush.edu/profile/32012997
Michael J Hussey,https://profiles.rush.edu/profile/15948698
Michel N Ilbawi,https://profiles.rush.edu/profile/15948699
Ionut  Ilie,https://profiles.rush.edu/profile/15948700
Diana M Ingram,https://profiles.rush.edu/profile/15948701
Ben R Inventor,https://profiles.rush.edu/profile/14507684
Doreen Kelly Izaguirre,https://profiles.rush.edu/profile/14507791
Brandi  Jackson,https://profiles.rush.edu/profile/15948244
Brian J Jacobs,https://profiles.rush.edu/profile/14507685
Joshua J. Jacobs,https://profiles.rush.edu/profile/29667
Kristin Michelle Jacobs,https://profiles.rush.edu/profile/14506968
Phillip A Jacobson,https://profiles.rush.edu/profile/15948702
Ryan  Jacobson,https://profiles.rush.edu/profile/14507304
Charles M Jaffe,https://profiles.rush.edu/profile/201175
Amir K Jaffer,https://profiles.rush.edu/profile/15948703
Ashok A Jagasia,https://profiles.rush.edu/profile/14507590
Shikha  Jain,https://profiles.rush.edu/profile/15949005
Shivi  Jain,https://profiles.rush.edu/profile/14507392
Bryan D James,https://profiles.rush.edu/profile/742361
Malabendu Jana,https://profiles.rush.edu/profile/201178
Sujit V Janardhan,https://profiles.rush.edu/profile/448354
Ann M Jankiewicz,https://profiles.rush.edu/profile/15948704
Imke Janssen,https://profiles.rush.edu/profile/201179
Mark L Jaros,https://profiles.rush.edu/profile/15948705
Matthew P Jaycox,https://profiles.rush.edu/profile/521349
Rebecca Wilson Jeddi,https://profiles.rush.edu/profile/14507305
Sharon Jedel,https://profiles.rush.edu/profile/201180
Urmeka  Jefferson,https://profiles.rush.edu/profile/2473428
Michael  Jelinek,https://profiles.rush.edu/profile/1589285
Natasha   Jenkins Cooper,https://profiles.rush.edu/profile/28800291
Stephen C Jensik,https://profiles.rush.edu/profile/204329
Miral D Jhaveri,https://profiles.rush.edu/profile/204330
Juan C Jimenez,https://profiles.rush.edu/profile/14506872
Sayona John,https://profiles.rush.edu/profile/177812
Viju T John,https://profiles.rush.edu/profile/204332
Tricia Jean Johnson,https://profiles.rush.edu/profile/204550
Peter M Jokich,https://profiles.rush.edu/profile/200977
Meenakshi Jolly,https://profiles.rush.edu/profile/204336
Neeraj Jolly,https://profiles.rush.edu/profile/204335
Carolyn H Jones,https://profiles.rush.edu/profile/204338
Kevin C Jones,https://profiles.rush.edu/profile/14506969
Robin L Jones,https://profiles.rush.edu/profile/204337
Wrenetha A Julion,https://profiles.rush.edu/profile/200980
Jae Hyung  Jung,https://profiles.rush.edu/profile/28800292
Olivia  Justus,https://profiles.rush.edu/profile/28800293
Eias  Jweied,https://profiles.rush.edu/profile/15948951
Mitesh  Kabadi,https://profiles.rush.edu/profile/14507104
Daniel  Kacey,https://profiles.rush.edu/profile/15948913
Geetanjalee  Kadam,https://profiles.rush.edu/profile/14506783
Nisha C Kakodkar,https://profiles.rush.edu/profile/15948706
Ajit T Kalayil,https://profiles.rush.edu/profile/448456
Melissa Kalensky,https://profiles.rush.edu/profile/448454
Faiyaaz  Kalimullah,https://profiles.rush.edu/profile/15948950
Valerie E Kalinowski,https://profiles.rush.edu/profile/204341
Elizabeth  Kalliath,https://profiles.rush.edu/profile/15948224
Audrey  Kam,https://profiles.rush.edu/profile/14507592
Thomas  Kaminsky,https://profiles.rush.edu/profile/15948954
Giedrius Kanaporis,https://profiles.rush.edu/profile/204602
Stella  Kanchewa,https://profiles.rush.edu/profile/15948707
Michele M Kannin,https://profiles.rush.edu/profile/14507105
Alifiya Kapasi,https://profiles.rush.edu/profile/521351
Zina  Karana,https://profiles.rush.edu/profile/14507542
Vasili  Karas,https://profiles.rush.edu/profile/14507509
Kelly M Karas-Hedrick,https://profiles.rush.edu/profile/14506971
Merima  Karastanovic,https://profiles.rush.edu/profile/14507106
Niranjan S Karnik,https://profiles.rush.edu/profile/200965
Ravi E Kasi,https://profiles.rush.edu/profile/448497
Rekha Bandla Kasi,https://profiles.rush.edu/profile/14507307
George P Katsoyannis,https://profiles.rush.edu/profile/14506784
Lynn E Katten,https://profiles.rush.edu/profile/14507029
Daniel  Katz,https://profiles.rush.edu/profile/14507794
David  Katz,https://profiles.rush.edu/profile/14507795
Robert Katz,https://profiles.rush.edu/profile/204343
Ramandeep  Kaur,https://profiles.rush.edu/profile/14507308
Rasa Kazlauskaite,https://profiles.rush.edu/profile/204345
Ranjan KC,https://profiles.rush.edu/profile/448448
Annmarie K Keenan,https://profiles.rush.edu/profile/204346
William R Kehoe,https://profiles.rush.edu/profile/14507521
Kiffon  Keigher,https://profiles.rush.edu/profile/15948895
Kevin  Kelly,https://profiles.rush.edu/profile/15948708
Mackenzie  Kelly,https://profiles.rush.edu/profile/14507107
Russell F Kelly,https://profiles.rush.edu/profile/15948709
Sarah  Kemble-Verhoef,https://profiles.rush.edu/profile/15948710
Anil A Kesavan,https://profiles.rush.edu/profile/204352
Ali Keshavarzian,https://profiles.rush.edu/profile/29668
Kimberly L Kesner,https://profiles.rush.edu/profile/15948711
Harold A Kessler,https://profiles.rush.edu/profile/15948712
Xavier M. Keutgen,https://profiles.rush.edu/profile/448449
Anita L Kewalramani,https://profiles.rush.edu/profile/15948713
Farah N Khan,https://profiles.rush.edu/profile/14506761
Mohammad  Khan,https://profiles.rush.edu/profile/15948714
Naveed  Khan,https://profiles.rush.edu/profile/14507202
Sonali Khandelwal,https://profiles.rush.edu/profile/204354
Narendra K Khare,https://profiles.rush.edu/profile/15948715
Christina Khodr,https://profiles.rush.edu/profile/448346
Christina  Khou,https://profiles.rush.edu/profile/14507738
Tricia  Kierny,https://profiles.rush.edu/profile/448312
Do Young  Kim,https://profiles.rush.edu/profile/15949042
Jisu A Kim,https://profiles.rush.edu/profile/204355
Raelene Kennedy Kim,https://profiles.rush.edu/profile/14507309
Seo-Hyun  Kim,https://profiles.rush.edu/profile/14507399
Nicole D King,https://profiles.rush.edu/profile/14507204
Alana  Kirby,https://profiles.rush.edu/profile/15949053
Denise M Kirsten,https://profiles.rush.edu/profile/14507796
Brian J Klassen,https://profiles.rush.edu/profile/448372
Andrew  Klein,https://profiles.rush.edu/profile/14507596
Jennifer  Kleinfeld,https://profiles.rush.edu/profile/15948716
Andrea M Kline Tilford,https://profiles.rush.edu/profile/204358
Matthew  Knedel,https://profiles.rush.edu/profile/15948717
Frank C Ko,https://profiles.rush.edu/profile/2153846
Mehmet Kocak,https://profiles.rush.edu/profile/204359
Vamsi  Kodumuri,https://profiles.rush.edu/profile/15948718
Emily  Koeck,https://profiles.rush.edu/profile/15948997
Monica Kogan,https://profiles.rush.edu/profile/200916
Akshay  Kohli,https://profiles.rush.edu/profile/28800294
Albene E Kokocinski,https://profiles.rush.edu/profile/14507598
Igor  Kolesnikov,https://profiles.rush.edu/profile/15948719
Aikaterini (Katie) Kompoliti,https://profiles.rush.edu/profile/177814
Jah-Won  Koo,https://profiles.rush.edu/profile/15948720
Nathaniel  Koo,https://profiles.rush.edu/profile/14507205
Ann Kopal,https://profiles.rush.edu/profile/14507599
Karen L Kopan,https://profiles.rush.edu/profile/15948721
Katherine A Kopkash,https://profiles.rush.edu/profile/204361
Igor  Koralnik,https://profiles.rush.edu/profile/448384
Stephen M Korbet,https://profiles.rush.edu/profile/204362
Zachary A Kordik,https://profiles.rush.edu/profile/15948722
Jeffrey H Kordower,https://profiles.rush.edu/profile/29656
Mark E Kosanovich,https://profiles.rush.edu/profile/448467
Sarah  Kotek,https://profiles.rush.edu/profile/15948723
David  Kouri,https://profiles.rush.edu/profile/15948724
Juliana  Kowalewski,https://profiles.rush.edu/profile/15948725
Kristina Ziegler Kramer,https://profiles.rush.edu/profile/15948925
Neha Morparia Kramer,https://profiles.rush.edu/profile/14507206
Louis J Kraus,https://profiles.rush.edu/profile/448540
Elizabeth  Krch-Cole,https://profiles.rush.edu/profile/15948726
Gina L Kring,https://profiles.rush.edu/profile/14506787
K. Ranga Krishnan,https://profiles.rush.edu/profile/204366
Kousik Krishnan,https://profiles.rush.edu/profile/204367
Kristin  Krueger,https://profiles.rush.edu/profile/15948727
Matthew  Kuhns,https://profiles.rush.edu/profile/14507115
Laura  Kula,https://profiles.rush.edu/profile/15948728
Robert  Kummerer,https://profiles.rush.edu/profile/14507311
Douglas A Kuperman,https://profiles.rush.edu/profile/521352
Jessica  Kuppy,https://profiles.rush.edu/profile/14506880
Joanna R Kuppy,https://profiles.rush.edu/profile/204370
Elizabeth A Kurtz,https://profiles.rush.edu/profile/448313
Sau Ping  Kwan,https://profiles.rush.edu/profile/15948729
Soo Y Kwon,https://profiles.rush.edu/profile/448468
Daniel  Robert L'Heureux,https://profiles.rush.edu/profile/14507798
Stephanie  Labomascus,https://profiles.rush.edu/profile/15948730
Andras  Ladanyi,https://profiles.rush.edu/profile/14507605
Lisa A LaGorio,https://profiles.rush.edu/profile/204371
Joseph C Lai,https://profiles.rush.edu/profile/15948731
Melissa Lamar,https://profiles.rush.edu/profile/521353
Ashley N Lambert,https://profiles.rush.edu/profile/14507606
Carl E Lambert,https://profiles.rush.edu/profile/14507740
Monique  Lambert,https://profiles.rush.edu/profile/15948732
Michael J Lane,https://profiles.rush.edu/profile/15948941
Brittney Lange-Maia,https://profiles.rush.edu/profile/521354
Drew  Lansdown,https://profiles.rush.edu/profile/15948733
Rebecca  Lara,https://profiles.rush.edu/profile/14507312
Melissa L Larson,https://profiles.rush.edu/profile/204580
Kalyan C Latchamsetty,https://profiles.rush.edu/profile/15948734
Omar B Lateef,https://profiles.rush.edu/profile/14507230
Vance Lauderdale,https://profiles.rush.edu/profile/204373
Laura  Laursen,https://profiles.rush.edu/profile/14507031
Christie N Lawrence,https://profiles.rush.edu/profile/448315
Catalina Lawsin,https://profiles.rush.edu/profile/448290
David S. Lee,https://profiles.rush.edu/profile/14507403
Jean C Lee,https://profiles.rush.edu/profile/14506882
Jeehyun  Lee,https://profiles.rush.edu/profile/14506881
Justin  Lee,https://profiles.rush.edu/profile/15948735
Salina S Lee,https://profiles.rush.edu/profile/204375
Simon Lee,https://profiles.rush.edu/profile/14507402
Soo J Lee,https://profiles.rush.edu/profile/448383
Sally H Lemke,https://profiles.rush.edu/profile/521355
Adeline  Leon,https://profiles.rush.edu/profile/15948928
Sherald R Leonard,https://profiles.rush.edu/profile/15948736
Nadine M Lerret,https://profiles.rush.edu/profile/448405
William T Leslie,https://profiles.rush.edu/profile/204378
Sue Leurgans,https://profiles.rush.edu/profile/204379
Robert M Leven,https://profiles.rush.edu/profile/204380
Daniel E Levin,https://profiles.rush.edu/profile/15948737
Rachel K Levin,https://profiles.rush.edu/profile/14507314
Laurence A Levine,https://profiles.rush.edu/profile/448351
Ari M Levy,https://profiles.rush.edu/profile/14507609
Richard A Levy,https://profiles.rush.edu/profile/15948738
Steven L Lewis,https://profiles.rush.edu/profile/204383
Trevor  Lewis,https://profiles.rush.edu/profile/15948984
William  Lewis-de los Angeles,https://profiles.rush.edu/profile/15948903
Chien-Ching Li,https://profiles.rush.edu/profile/204387
Jia-Liang  Li,https://profiles.rush.edu/profile/1204871
Jie Li,https://profiles.rush.edu/profile/448436
Jun Li,https://profiles.rush.edu/profile/204384
Mindy  Li,https://profiles.rush.edu/profile/15948907
Tieshi Li,https://profiles.rush.edu/profile/204385
Yixiang Liao,https://profiles.rush.edu/profile/204388
Roy H Lidtke,https://profiles.rush.edu/profile/204390
Teresa  Lillis,https://profiles.rush.edu/profile/448381
Christopher  Lim,https://profiles.rush.edu/profile/448524
Johnny Lin,https://profiles.rush.edu/profile/200919
Michael Y Lin,https://profiles.rush.edu/profile/204392
Kevin D Lindgren,https://profiles.rush.edu/profile/14506975
Michael J Liptay,https://profiles.rush.edu/profile/29651
Meryl E Lipton,https://profiles.rush.edu/profile/15948739
Jeanne M Little,https://profiles.rush.edu/profile/448316
Lauren  Little,https://profiles.rush.edu/profile/14507032
Dennis B Liu,https://profiles.rush.edu/profile/15948740
Joseph  Liu,https://profiles.rush.edu/profile/15948922
Sarah L Livesay,https://profiles.rush.edu/profile/448317
Marijana  Ljubanovic-Lazarevic,https://profiles.rush.edu/profile/14507120
Maham  Lodhi,https://profiles.rush.edu/profile/14507121
Wajahat  Lodhi,https://profiles.rush.edu/profile/14507522
Latania K Logan,https://profiles.rush.edu/profile/204397
Julie  Lopez,https://profiles.rush.edu/profile/14506885
Susan  Lopez,https://profiles.rush.edu/profile/14507407
Angela M Lorbeck,https://profiles.rush.edu/profile/14507610
Cynthia  Louie,https://profiles.rush.edu/profile/14507741
Gina S Lowell,https://profiles.rush.edu/profile/14506788
Gary Loy,https://profiles.rush.edu/profile/204401
Veronica   Loy,https://profiles.rush.edu/profile/28800308
Jun  Lu,https://profiles.rush.edu/profile/783909
Timothy Lubenow,https://profiles.rush.edu/profile/204402
Judith L Luborsky,https://profiles.rush.edu/profile/15948741
Karen J Lui,https://profiles.rush.edu/profile/204403
Hazel Lum,https://profiles.rush.edu/profile/204514
Hannah J Lundberg,https://profiles.rush.edu/profile/200920
Minh Luu,https://profiles.rush.edu/profile/204404
Elizabeth B Lynch,https://profiles.rush.edu/profile/200961
Kathryn A Lyndes,https://profiles.rush.edu/profile/15948742
Mathew MacCumber,https://profiles.rush.edu/profile/197280
Camille E Mace,https://profiles.rush.edu/profile/521356
Laco L Mace,https://profiles.rush.edu/profile/15948743
John J Maciejewski,https://profiles.rush.edu/profile/204581
Laurin  J Mack,https://profiles.rush.edu/profile/448538
James R Mackenzie,https://profiles.rush.edu/profile/15948744
Sreekumar  Madassery,https://profiles.rush.edu/profile/14507408
Andrea Madrigrano,https://profiles.rush.edu/profile/448493
Mustafa  Mafraji,https://profiles.rush.edu/profile/14507126
Brett M Mahon,https://profiles.rush.edu/profile/15948745
Carl G Maki,https://profiles.rush.edu/profile/204519
Mojgan  Makki,https://profiles.rush.edu/profile/15948746
Anne-Marie Malfait,https://profiles.rush.edu/profile/29670
Neelam  Malhotra,https://profiles.rush.edu/profile/15948894
Rabia Malik,https://profiles.rush.edu/profile/204408
David C Mallinson,https://profiles.rush.edu/profile/33786197
Hani  Malone,https://profiles.rush.edu/profile/15948899
Augustine M Manadan,https://profiles.rush.edu/profile/204409
Cheryl  Mandell,https://profiles.rush.edu/profile/14507742
Edmund B Mangahas,https://profiles.rush.edu/profile/14506719
Steve Mangos,https://profiles.rush.edu/profile/204410
Agnieszka  Maniak,https://profiles.rush.edu/profile/32012998
Amy B Manion,https://profiles.rush.edu/profile/204411
Shaina  Mann,https://profiles.rush.edu/profile/14507410
Carlo D Manno,https://profiles.rush.edu/profile/448401
Stelios  Mantis,https://profiles.rush.edu/profile/15948747
Charles  Marcuccilli,https://profiles.rush.edu/profile/14507744
Karolina K Marinescu,https://profiles.rush.edu/profile/448505
Keith A Marino,https://profiles.rush.edu/profile/448318
Ruben M Markosyan,https://profiles.rush.edu/profile/204416
Adrienn  Markovics,https://profiles.rush.edu/profile/15948748
Daniels  Marks,https://profiles.rush.edu/profile/28800295
Jill Marks,https://profiles.rush.edu/profile/204417
Jill Marks,https://profiles.rush.edu/profile/448451
Angela D Martin,https://profiles.rush.edu/profile/15948749
Eileen M Martin,https://profiles.rush.edu/profile/200967
Claudia G Martinez,https://profiles.rush.edu/profile/15949003
Kayla C Martinez,https://profiles.rush.edu/profile/14506977
Gaurav Marwaha,https://profiles.rush.edu/profile/448433
Amanda L Marzo,https://profiles.rush.edu/profile/204557
Ashiq  Masood,https://profiles.rush.edu/profile/15949006
Roselyn Cristelle I Mateo-Collado,https://profiles.rush.edu/profile/14507315
Amanda  Mathew,https://profiles.rush.edu/profile/1227463
Michael   Matthews,https://profiles.rush.edu/profile/30804097
Masako Mayahara,https://profiles.rush.edu/profile/204541
Karen M Mayer,https://profiles.rush.edu/profile/1348338
Benjamin  Mba,https://profiles.rush.edu/profile/15948750
Katherine J McArdle,https://profiles.rush.edu/profile/14506979
James B Mcauley,https://profiles.rush.edu/profile/15948751
Judy J Mccann,https://profiles.rush.edu/profile/15948752
Patricia A Mccarthy,https://profiles.rush.edu/profile/204421
Patricia A Mccarthy,https://profiles.rush.edu/profile/448361
Robert J McCarthy,https://profiles.rush.edu/profile/1936957
James A McCombs,https://profiles.rush.edu/profile/14506888
Randolph M McConnie,https://profiles.rush.edu/profile/204423
Anna  McCormick,https://profiles.rush.edu/profile/14507614
Drew  Mccormick,https://profiles.rush.edu/profile/15948753
Lindsay M McCullough,https://profiles.rush.edu/profile/14507033
Jennifer  Mcdonnell,https://profiles.rush.edu/profile/14506889
Erik  Mcintosh,https://profiles.rush.edu/profile/14506721
Damien  McKnight,https://profiles.rush.edu/profile/14507800
Clark A McKown,https://profiles.rush.edu/profile/204424
Margaret A Mclaughlin,https://profiles.rush.edu/profile/448362
Maggie L McNulty,https://profiles.rush.edu/profile/448387
John D Mead,https://profiles.rush.edu/profile/204427
Patricia Meaden,https://profiles.rush.edu/profile/204428
Matthew Meagher,https://profiles.rush.edu/profile/204429
Irena  Medenica,https://profiles.rush.edu/profile/14506825
Surabhi Mehrotra,https://profiles.rush.edu/profile/204431
Neal Arun Mehta,https://profiles.rush.edu/profile/14507208
Sheetal  Mehta,https://profiles.rush.edu/profile/15948754
Paula P Meier,https://profiles.rush.edu/profile/200951
Agnes  Melad-Juat,https://profiles.rush.edu/profile/15948936
Christopher  Melnic,https://profiles.rush.edu/profile/15948755
Joshua E Melson,https://profiles.rush.edu/profile/204570
Laura A Meltzer,https://profiles.rush.edu/profile/204432
Araceli  Mendoza,https://profiles.rush.edu/profile/14507615
Louis G. Mercuri,https://profiles.rush.edu/profile/15948756
Matthew  Meriggioli,https://profiles.rush.edu/profile/448395
Pauline Merrill,https://profiles.rush.edu/profile/204433
Abby L Mertes,https://profiles.rush.edu/profile/15948937
Charles L Mesh,https://profiles.rush.edu/profile/15948930
Daniel  Mesko,https://profiles.rush.edu/profile/15948987
Joseph V Messer,https://profiles.rush.edu/profile/15948757
Thomas  Messer,https://profiles.rush.edu/profile/15948758
Diana  Metropulos,https://profiles.rush.edu/profile/15948759
Irene A Metzner,https://profiles.rush.edu/profile/15948760
John R Meyer,https://profiles.rush.edu/profile/204435
Theodoros  Michelakos,https://profiles.rush.edu/profile/30804101
Jayne  Miely,https://profiles.rush.edu/profile/15948972
Rose  Milano,https://profiles.rush.edu/profile/14507318
Herb J Miller,https://profiles.rush.edu/profile/15948761
Ira J Miller,https://profiles.rush.edu/profile/14506826
Rachel E. Miller,https://profiles.rush.edu/profile/204438
Keith W Millikan,https://profiles.rush.edu/profile/204440
Laura  Minarich,https://profiles.rush.edu/profile/15948762
Carla Z Minutti,https://profiles.rush.edu/profile/204442
Paria  Mirmonsef,https://profiles.rush.edu/profile/14507255
Sarthak  Misra,https://profiles.rush.edu/profile/14507414
Justin E Mitchell,https://profiles.rush.edu/profile/14506891
Nupur Mittal,https://profiles.rush.edu/profile/448410
Thomas R Mizen,https://profiles.rush.edu/profile/204443
Lynn  Mohr,https://profiles.rush.edu/profile/204446
Susanta Mondal,https://profiles.rush.edu/profile/204447
Michael  Monge,https://profiles.rush.edu/profile/14507133
Keith M Monson,https://profiles.rush.edu/profile/14506980
Nicholas M Moore,https://profiles.rush.edu/profile/204448
Catherine A Moran,https://profiles.rush.edu/profile/15948763
Meghan M Moran,https://profiles.rush.edu/profile/448340
LaDonna M Moreland,https://profiles.rush.edu/profile/14507034
Deri Morgan,https://profiles.rush.edu/profile/204603
Jennifer  Moriuchi,https://profiles.rush.edu/profile/14506892
Gregory  Mork,https://profiles.rush.edu/profile/14506791
Glenda M Morris-Burnett,https://profiles.rush.edu/profile/14506773
Steve  Mosakowski,https://profiles.rush.edu/profile/14507418
Allen  Moses,https://profiles.rush.edu/profile/15948764
Gemeyel  Moses,https://profiles.rush.edu/profile/28800296
Giselle S Mosnaim,https://profiles.rush.edu/profile/204449
Angela M Moss,https://profiles.rush.edu/profile/448320
James N Moy,https://profiles.rush.edu/profile/204558
Carol  Muehleman,https://profiles.rush.edu/profile/15948765
Joshua  Mueller,https://profiles.rush.edu/profile/14506893
Elliott J Mufson,https://profiles.rush.edu/profile/15948766
Joseph  Mularczyk,https://profiles.rush.edu/profile/14506894
Brieann Muller,https://profiles.rush.edu/profile/204451
James L Mulshine,https://profiles.rush.edu/profile/29672
Stephan  Munich,https://profiles.rush.edu/profile/14507419
Lorenzo F Muñoz,https://profiles.rush.edu/profile/204452
Andra  Munteanu,https://profiles.rush.edu/profile/15948918
James  Murphy,https://profiles.rush.edu/profile/15948990
Joshua J Murphy,https://profiles.rush.edu/profile/14506896
Patricia  Murphy,https://profiles.rush.edu/profile/15948767
Sara  Murphy,https://profiles.rush.edu/profile/15948768
James  Murray,https://profiles.rush.edu/profile/14506897
Susan M Murray,https://profiles.rush.edu/profile/15948769
Constance Mussa,https://profiles.rush.edu/profile/204453
Christopher  Muth,https://profiles.rush.edu/profile/15948908
Ece A Mutlu,https://profiles.rush.edu/profile/204564
Beverly J Myers,https://profiles.rush.edu/profile/521357
Brian A Myers,https://profiles.rush.edu/profile/14507692
Jonathan A Myers,https://profiles.rush.edu/profile/204454
Sukriti Nag,https://profiles.rush.edu/profile/204455
Anita  Nagamine,https://profiles.rush.edu/profile/14507620
Denis Nam,https://profiles.rush.edu/profile/521358
Joo Yeon  Nam,https://profiles.rush.edu/profile/14506898
Prema  Nanavaty,https://profiles.rush.edu/profile/448516
Vikram  Nandhan,https://profiles.rush.edu/profile/14507510
Hillary M Napier-Gondek,https://profiles.rush.edu/profile/15948770
Srinivasa  Narasipura,https://profiles.rush.edu/profile/15948771
Raymond  Narh,https://profiles.rush.edu/profile/15948772
Arti A Narsinghani,https://profiles.rush.edu/profile/14507622
Colleen Bridget Nash,https://profiles.rush.edu/profile/14507746
Donald D Nash,https://profiles.rush.edu/profile/15948912
Brent Michael Nathan,https://profiles.rush.edu/profile/15948960
Sunita Nathan,https://profiles.rush.edu/profile/204456
Zain  Nayani,https://profiles.rush.edu/profile/28800297
Edris J. Negron Rosal,https://profiles.rush.edu/profile/28800302
Jeffrey A Nelson,https://profiles.rush.edu/profile/14506900
Michael E Nelson,https://profiles.rush.edu/profile/15948254
Andrei Nesterovitch,https://profiles.rush.edu/profile/521359
Nicholas J Newsum,https://profiles.rush.edu/profile/15948773
Shane J. Nho,https://profiles.rush.edu/profile/200924
Shane Nho,https://profiles.rush.edu/profile/204729
Gregory P. Nicholson,https://profiles.rush.edu/profile/200925
Ailda Nika,https://profiles.rush.edu/profile/204458
Jenna Karagianis Nikolaides,https://profiles.rush.edu/profile/14506901
Vandana S Nilakhe,https://profiles.rush.edu/profile/14507512
Suwon V Nopachai,https://profiles.rush.edu/profile/14507421
Julia I Novitski,https://profiles.rush.edu/profile/15948775
Elizabeth  Nye,https://profiles.rush.edu/profile/448469
Bridget O'Brien Fagan,https://profiles.rush.edu/profile/448323
Rebecca  O'Dwyer,https://profiles.rush.edu/profile/14507320
Joan A O'Keefe,https://profiles.rush.edu/profile/204520
Shaun T O'Leary,https://profiles.rush.edu/profile/24951477
Joann P O'Reilly,https://profiles.rush.edu/profile/15948776
John E O'Toole,https://profiles.rush.edu/profile/204467
Chris O’Connor,https://profiles.rush.edu/profile/204460
James T. O’Donnell,https://profiles.rush.edu/profile/448345
Janice A Odiaga,https://profiles.rush.edu/profile/204461
Chundo Oh,https://profiles.rush.edu/profile/204462
Obianuju  Okoye,https://profiles.rush.edu/profile/28800298
Joy C Okpaleke,https://profiles.rush.edu/profile/14506902
Tochukwu M Okwuosa,https://profiles.rush.edu/profile/204463
Oyedolamu  Olaitan,https://profiles.rush.edu/profile/204464
Linda M Olson,https://profiles.rush.edu/profile/204465
Philip  Omotosho,https://profiles.rush.edu/profile/14507257
Jason C Ong,https://profiles.rush.edu/profile/204527
Nneka E Onyezia,https://profiles.rush.edu/profile/14507211
Temitope  Orenuga,https://profiles.rush.edu/profile/14507485
Peter Orris,https://profiles.rush.edu/profile/14507258
Jacqueline S Ortiz,https://profiles.rush.edu/profile/14506904
Jeffrey P Oswald,https://profiles.rush.edu/profile/204531
Robert  Otte,https://profiles.rush.edu/profile/15948980
Steven Outly,https://profiles.rush.edu/profile/14507423
Bichun Ouyang,https://profiles.rush.edu/profile/204468
Shahram Oveisgharan,https://profiles.rush.edu/profile/448363
Rebecca C Ozelie,https://profiles.rush.edu/profile/15948777
Laura  Pabalan,https://profiles.rush.edu/profile/14507035
Gemma Paech,https://profiles.rush.edu/profile/448379
Kalipada Pahan,https://profiles.rush.edu/profile/177816
Scott B Palmer,https://profiles.rush.edu/profile/14507425
Michael D Palmisano,https://profiles.rush.edu/profile/15948778
Patoula G. Panagos,https://profiles.rush.edu/profile/15948779
Ananda Vishnu Pandurangadu,https://profiles.rush.edu/profile/15948780
Sameer  Panjwani,https://profiles.rush.edu/profile/1589287
Peter  Panton,https://profiles.rush.edu/profile/15948781
Peter  Papagiannopoulos,https://profiles.rush.edu/profile/14507259
Patroklos Pappas,https://profiles.rush.edu/profile/14507260
Sam G Pappas,https://profiles.rush.edu/profile/14507426
Wayne Paprosky,https://profiles.rush.edu/profile/200926
Marisa  Paredes,https://profiles.rush.edu/profile/14507139
Keyur M Parekh,https://profiles.rush.edu/profile/14506985
Jaime B Parent,https://profiles.rush.edu/profile/15948782
Ritu  Parikh,https://profiles.rush.edu/profile/15948783
Esmeralda Llanas Park,https://profiles.rush.edu/profile/15948784
Clarence A Parks,https://profiles.rush.edu/profile/15948785
Naomi  Parrella,https://profiles.rush.edu/profile/14507212
Alok  Patel,https://profiles.rush.edu/profile/15949054
Aloka L Patel,https://profiles.rush.edu/profile/200947
Hemali R Patel,https://profiles.rush.edu/profile/15948927
Hreem N Patel,https://profiles.rush.edu/profile/15948786
Jateen  Patel,https://profiles.rush.edu/profile/15948787
Manisha  Patel,https://profiles.rush.edu/profile/15948788
Mita  Patel,https://profiles.rush.edu/profile/15948789
Parag D Patel,https://profiles.rush.edu/profile/14507261
Pritul R Patel,https://profiles.rush.edu/profile/15948790
Shruti  Patel,https://profiles.rush.edu/profile/28800299
Joelle  Paterno,https://profiles.rush.edu/profile/15948791
Jyothi D Patil,https://profiles.rush.edu/profile/14506905
Kousiki Patra,https://profiles.rush.edu/profile/204472
Pallavi P Patwari,https://profiles.rush.edu/profile/14507263
Rahul G Patwari,https://profiles.rush.edu/profile/14507321
Justin C Paul,https://profiles.rush.edu/profile/15948792
Olimpia Paun,https://profiles.rush.edu/profile/204474
Danielle A Pawlus,https://profiles.rush.edu/profile/448325
Gary D Peksa,https://profiles.rush.edu/profile/758055
Chad J Pendley,https://profiles.rush.edu/profile/15948793
Eric M Perczynski,https://profiles.rush.edu/profile/521362
Claudia B Perez,https://profiles.rush.edu/profile/14507749
Ricardo  Perez,https://profiles.rush.edu/profile/15948974
Rosa N Perez,https://profiles.rush.edu/profile/15948909
Suzanne  Perraud,https://profiles.rush.edu/profile/15948794
Anthony J Perry,https://profiles.rush.edu/profile/204476
Patricia M Perry,https://profiles.rush.edu/profile/15948795
Amanda Lee Persons,https://profiles.rush.edu/profile/448344
Priya D Perumalsamy,https://profiles.rush.edu/profile/15948796
Dennis A Pessis,https://profiles.rush.edu/profile/204477
Sarah J Peterson,https://profiles.rush.edu/profile/746544
Nicklas R Pfanzelter,https://profiles.rush.edu/profile/204583
Duy L Phan,https://profiles.rush.edu/profile/15948797
Frank S Phillips,https://profiles.rush.edu/profile/200927
Marcia A Phillips,https://profiles.rush.edu/profile/204478
Cynthia L Pierre,https://profiles.rush.edu/profile/14507750
Warren W Piette,https://profiles.rush.edu/profile/204479
Srikumar B Pillai,https://profiles.rush.edu/profile/204480
Theodore Pincus,https://profiles.rush.edu/profile/204481
Max J Pitlosh,https://profiles.rush.edu/profile/14507141
Lenora  Pizzello,https://profiles.rush.edu/profile/15948798
Anna H Plaas-Sandy,https://profiles.rush.edu/profile/204596
Wieslaw  Podlasek,https://profiles.rush.edu/profile/15948961
Janice  Podolski,https://profiles.rush.edu/profile/15948799
Daniel J Pohlman,https://profiles.rush.edu/profile/14507804
John Pollack,https://profiles.rush.edu/profile/14506907
Mark H Pollack,https://profiles.rush.edu/profile/200968
Sebastian W Pollandt,https://profiles.rush.edu/profile/177818
Elina  Polyakova,https://profiles.rush.edu/profile/15948800
Mark Pool,https://profiles.rush.edu/profile/448291
Thomas A Pooley,https://profiles.rush.edu/profile/204484
Daniel  Popa,https://profiles.rush.edu/profile/15948265
Kyle J Popovich,https://profiles.rush.edu/profile/204592
Tama  Porter,https://profiles.rush.edu/profile/14507486
Robin A Pourzal,https://profiles.rush.edu/profile/200928
Lynda H Powell,https://profiles.rush.edu/profile/200962
Shannon  Powers,https://profiles.rush.edu/profile/15948981
Lalita  Prasad-Reddy,https://profiles.rush.edu/profile/14507036
Jitesh Pratap,https://profiles.rush.edu/profile/204521
Dan N Predescu,https://profiles.rush.edu/profile/204486
Sanda A Predescu,https://profiles.rush.edu/profile/200953
Michael N Presser,https://profiles.rush.edu/profile/14507143
Jeremy B Pripstein,https://profiles.rush.edu/profile/14506908
Laurie A Proia,https://profiles.rush.edu/profile/204487
Yanina A Purim-Shem-Tov,https://profiles.rush.edu/profile/204488
Sanna  Qamar,https://profiles.rush.edu/profile/33786201
Kyran  Quinlan,https://profiles.rush.edu/profile/1295400
Anna  Quon,https://profiles.rush.edu/profile/30804099
Alexander Sasha Rackman,https://profiles.rush.edu/profile/15948952
Joan A Radtke,https://profiles.rush.edu/profile/15948801
Ewa Radwanska,https://profiles.rush.edu/profile/204489
Natalie L Raghu,https://profiles.rush.edu/profile/15948802
Saba  Raheem,https://profiles.rush.edu/profile/15948905
Kumar B Rajan,https://profiles.rush.edu/profile/204491
Patricia B Raksin,https://profiles.rush.edu/profile/15948803
Michael  Ralls,https://profiles.rush.edu/profile/14507145
Josefina Ramos-Franco,https://profiles.rush.edu/profile/204493
Kyle L Randle,https://profiles.rush.edu/profile/15948938
Anupama K Rao,https://profiles.rush.edu/profile/14507635
Malathi  Rao,https://profiles.rush.edu/profile/14507147
Mira  Rao,https://profiles.rush.edu/profile/28800300
Ruta D Rao,https://profiles.rush.edu/profile/204566
Shobha L Rao,https://profiles.rush.edu/profile/14507431
Heather Rasmussen,https://profiles.rush.edu/profile/204495
Tibor Rauch,https://profiles.rush.edu/profile/200929
Zac B Ravage,https://profiles.rush.edu/profile/14507543
Adrienne L Ray,https://profiles.rush.edu/profile/448470
Nancy Reau,https://profiles.rush.edu/profile/204568
Proddutur R Reddy,https://profiles.rush.edu/profile/14507264
Vijaya B Reddy,https://profiles.rush.edu/profile/204496
Amy B Reed,https://profiles.rush.edu/profile/15948804
Monique A Reed,https://profiles.rush.edu/profile/204543
Geoffrey  Rees,https://profiles.rush.edu/profile/15948805
Dawn  Reimann,https://profiles.rush.edu/profile/15948943
Virginia  Reising,https://profiles.rush.edu/profile/14507515
Alison M Reminick,https://profiles.rush.edu/profile/15948806
Peter C Revenaugh,https://profiles.rush.edu/profile/448517
Maria R Reyes,https://profiles.rush.edu/profile/14507149
Maria C Reyes,https://profiles.rush.edu/profile/14507150
Kourous Rezaei,https://profiles.rush.edu/profile/14506990
Katayoun  Rezai,https://profiles.rush.edu/profile/15948807
Yoona Rhee,https://profiles.rush.edu/profile/448378
Arthur R Rhodes,https://profiles.rush.edu/profile/204498
Rehan  Riaz,https://profiles.rush.edu/profile/14507323
Melissa M Rice,https://profiles.rush.edu/profile/14507151
Angelique L Richard,https://profiles.rush.edu/profile/15948808
Maureen H Richards,https://profiles.rush.edu/profile/448364
Fred J Richardson,https://profiles.rush.edu/profile/15948809
Jessica C Richelieu,https://profiles.rush.edu/profile/28800301
G. Wendell  Richmond,https://profiles.rush.edu/profile/14506794
Lynette D Richter,https://profiles.rush.edu/profile/204500
Andrew J Riff,https://profiles.rush.edu/profile/15948811
Eduardo Rios,https://profiles.rush.edu/profile/204604
Keith M Roberts,https://profiles.rush.edu/profile/448437
Beverley Robin,https://profiles.rush.edu/profile/204501
Kenika  Robinson,https://profiles.rush.edu/profile/14506995
Ashley J Roche,https://profiles.rush.edu/profile/14507637
Roger A Rodby,https://profiles.rush.edu/profile/204502
Roger A Rodby,https://profiles.rush.edu/profile/448511
Mary F Rodts,https://profiles.rush.edu/profile/14507155
Douglas  Roehler,https://profiles.rush.edu/profile/15948900
Liudmila  Romanova,https://profiles.rush.edu/profile/1589286
Lubov F  Romantseva,https://profiles.rush.edu/profile/204504
Anthony A. Romeo,https://profiles.rush.edu/profile/200930
Hannah G Roosevelt,https://profiles.rush.edu/profile/15948812
Richard Ropp,https://profiles.rush.edu/profile/14507324
Dana  Rosado,https://profiles.rush.edu/profile/448539
Mario C Rosas,https://profiles.rush.edu/profile/14507157
Aaron G. Rosenberg,https://profiles.rush.edu/profile/200931
Walter  Rosenberg,https://profiles.rush.edu/profile/33786196
Audrey E Rosenblatt,https://profiles.rush.edu/profile/15948813
Ruth  Rosenblum,https://profiles.rush.edu/profile/14507325
Stuart W Rosenbush,https://profiles.rush.edu/profile/204506
Jonathan H. Ross,https://profiles.rush.edu/profile/1348337
Ryan Ross,https://profiles.rush.edu/profile/204522
David M Rothenberg,https://profiles.rush.edu/profile/204509
Steven K Rothschild,https://profiles.rush.edu/profile/204532
Jacob  Rotmensch,https://profiles.rush.edu/profile/15948814
Jennifer B Rousseau,https://profiles.rush.edu/profile/204511
Kathleen Rowland,https://profiles.rush.edu/profile/448533
Avik Roy,https://profiles.rush.edu/profile/204512
Charlotte L Royeen,https://profiles.rush.edu/profile/204611
Lydia  Royeen,https://profiles.rush.edu/profile/15948815
Martin  Royeen,https://profiles.rush.edu/profile/15948816
Veronica  Rozynek,https://profiles.rush.edu/profile/29061473
Dmitry Ruban,https://profiles.rush.edu/profile/204612
Jonathan B Rubenstein,https://profiles.rush.edu/profile/204613
Marvin  Rubenstein,https://profiles.rush.edu/profile/15948817
Paul  Rubinstein,https://profiles.rush.edu/profile/15948818
Anne  Rufa,https://profiles.rush.edu/profile/15948819
Michael R Ruffolo,https://profiles.rush.edu/profile/15948820
John  Ruggero,https://profiles.rush.edu/profile/15948985
Dino P Rumoro,https://profiles.rush.edu/profile/204615
Terri L Russell,https://profiles.rush.edu/profile/15948821
Nicole M Russo-Ponsaran,https://profiles.rush.edu/profile/204528
Andrew D Ruthberg,https://profiles.rush.edu/profile/204616
Sean S Ryan,https://profiles.rush.edu/profile/14507436
Naryan  Sabherwal,https://profiles.rush.edu/profile/15948969
Alisha  Sachdev,https://profiles.rush.edu/profile/14507639
Aliyah  Sadaf,https://profiles.rush.edu/profile/14507640
Saba  Saeed,https://profiles.rush.edu/profile/15948993
Comron  Saifi,https://profiles.rush.edu/profile/15948822
Taher  Saifullah,https://profiles.rush.edu/profile/15948924
Abhimanyu  Saini,https://profiles.rush.edu/profile/15948246
Emily C Salans,https://profiles.rush.edu/profile/14506735
Samuel N Saltzberg,https://profiles.rush.edu/profile/204619
Dino  Samartzis,https://profiles.rush.edu/profile/14507809
Sherwin  Samson,https://profiles.rush.edu/profile/15948823
Denise  Sanchez,https://profiles.rush.edu/profile/15948942
Giselle Sandi,https://profiles.rush.edu/profile/204620
Rupa M Sanghani,https://profiles.rush.edu/profile/448445
Sarah  Sansom,https://profiles.rush.edu/profile/14507438
Carlos A Santos,https://profiles.rush.edu/profile/448365
Rosita A Santos,https://profiles.rush.edu/profile/15948824
Julia  Sarazine,https://profiles.rush.edu/profile/204623
Julia  Sarazine,https://profiles.rush.edu/profile/448328
Mary Ellen  Sarna,https://profiles.rush.edu/profile/14507159
Kathleen J Sarzyenski,https://profiles.rush.edu/profile/14506996
David D Savin,https://profiles.rush.edu/profile/15948825
Michael Savitt,https://profiles.rush.edu/profile/14507161
Erik Schadde,https://profiles.rush.edu/profile/204625
Gary L Schaer,https://profiles.rush.edu/profile/204626
Katherine Massura Schafer,https://profiles.rush.edu/profile/448329
Jeffrey  Schaider,https://profiles.rush.edu/profile/15948826
Loren  Schechter,https://profiles.rush.edu/profile/14507043
Jessen D Schiebout,https://profiles.rush.edu/profile/14506915
Lawrence  Schilder,https://profiles.rush.edu/profile/15948827
Scott William Schimpke,https://profiles.rush.edu/profile/14507441
Juan  Schmukler,https://profiles.rush.edu/profile/14506916
Julie A Schneider,https://profiles.rush.edu/profile/29673
Michael Schoeny,https://profiles.rush.edu/profile/448330
Joseph P. Schowalter,https://profiles.rush.edu/profile/15948901
Blake S Schroedter,https://profiles.rush.edu/profile/14507696
Joanne E Schupbach,https://profiles.rush.edu/profile/15948828
Erika M Schwelnus,https://profiles.rush.edu/profile/204630
Joy S Sclamberg,https://profiles.rush.edu/profile/14506920
Margaret A Scotellaro,https://profiles.rush.edu/profile/204632
Cheryl M Scott,https://profiles.rush.edu/profile/15948829
J. Brady  Scott,https://profiles.rush.edu/profile/448434
Danielle K. Sebbens,https://profiles.rush.edu/profile/448450
Christopher W Seder,https://profiles.rush.edu/profile/204635
Nava A Segall,https://profiles.rush.edu/profile/15948830
Debra B Selip,https://profiles.rush.edu/profile/204637
Pamela A Semanik,https://profiles.rush.edu/profile/204518
Neilayan  Sen,https://profiles.rush.edu/profile/15948914
Kotaro  Sena,https://profiles.rush.edu/profile/15948831
Stephanie R Send,https://profiles.rush.edu/profile/15948832
Mondira Sengupta,https://profiles.rush.edu/profile/204638
Michelle Sergel,https://profiles.rush.edu/profile/14507163
Paul N Severin,https://profiles.rush.edu/profile/14507266
Mervat J Sha'ini,https://profiles.rush.edu/profile/448377
Beverly E Sha,https://profiles.rush.edu/profile/204593
Valeriy Shafiro,https://profiles.rush.edu/profile/204640
Aleen  Shah,https://profiles.rush.edu/profile/15948910
Ami N Shah,https://profiles.rush.edu/profile/14507648
Karina  Shah,https://profiles.rush.edu/profile/15948833
Maimoona M Shah,https://profiles.rush.edu/profile/14507164
Manan  Shah,https://profiles.rush.edu/profile/29061474
Meeta P Shah,https://profiles.rush.edu/profile/204641
Palmi N Shah,https://profiles.rush.edu/profile/14507267
Raj C Shah,https://profiles.rush.edu/profile/29674
Shital C Shah,https://profiles.rush.edu/profile/204642
Syed H Shah,https://profiles.rush.edu/profile/14507444
Najia Shakoor,https://profiles.rush.edu/profile/200978
Shivanjali  Shankaran,https://profiles.rush.edu/profile/1128923
Megan M Shanks,https://profiles.rush.edu/profile/448390
Thomas R Shannon,https://profiles.rush.edu/profile/204644
Robin J Shapiro,https://profiles.rush.edu/profile/15948834
Mona  Shattell,https://profiles.rush.edu/profile/448331
Barbara  Shaw,https://profiles.rush.edu/profile/448332
Kathryn C Shaw,https://profiles.rush.edu/profile/14506997
Behnoosh  Shayegan,https://profiles.rush.edu/profile/14507697
Stanley E Sheft,https://profiles.rush.edu/profile/204645
Mary  Shehan,https://profiles.rush.edu/profile/15948896
Deana  Shenaq,https://profiles.rush.edu/profile/14507811
Neeral K Sheth,https://profiles.rush.edu/profile/14507219
Varun  Shetty,https://profiles.rush.edu/profile/15948945
Kevin  Shi,https://profiles.rush.edu/profile/29061475
Jay L Shils,https://profiles.rush.edu/profile/14506921
Rozmeen  Shivji,https://profiles.rush.edu/profile/14507327
Allan J Shoelson,https://profiles.rush.edu/profile/15948835
Thomas  Shoemaker,https://profiles.rush.edu/profile/14507489
Sharon E Sholiton,https://profiles.rush.edu/profile/204646
David  Sholtes,https://profiles.rush.edu/profile/15948242
Stephanie M Shors,https://profiles.rush.edu/profile/14507447
Susan  Shott,https://profiles.rush.edu/profile/15948836
John L Showel,https://profiles.rush.edu/profile/204648
Maheen  Siddiqi,https://profiles.rush.edu/profile/15948929
Noman Siddiqui,https://profiles.rush.edu/profile/14507220
Irwin M Siegel,https://profiles.rush.edu/profile/204650
Fabian  Sierra Morales,https://profiles.rush.edu/profile/14506766
Dominique  Sighoko,https://profiles.rush.edu/profile/15948837
Michael R Silver,https://profiles.rush.edu/profile/204651
Jean M Silvestri,https://profiles.rush.edu/profile/204652
Andrew  Simms,https://profiles.rush.edu/profile/1936956
Mindy L Simpson,https://profiles.rush.edu/profile/200949
Ramesh M Singa,https://profiles.rush.edu/profile/15948838
Ajaypal Singh,https://profiles.rush.edu/profile/448356
Jagadeesh S Singh,https://profiles.rush.edu/profile/14506922
Kern Singh,https://profiles.rush.edu/profile/200932
Madhu Singh,https://profiles.rush.edu/profile/14507167
Marvin V Sinsakul,https://profiles.rush.edu/profile/15948839
Martha Zervopoulos Siomos,https://profiles.rush.edu/profile/448333
Nicole Siparsky,https://profiles.rush.edu/profile/448495
Ramakrishna  Siripuram,https://profiles.rush.edu/profile/15948840
Anastasia K Skipor,https://profiles.rush.edu/profile/200933
David J Sklar,https://profiles.rush.edu/profile/15948841
Heather F. Skuble,https://profiles.rush.edu/profile/14506816
Renee Friedman Slade,https://profiles.rush.edu/profile/14507328
Leslie  Sleuwen,https://profiles.rush.edu/profile/15948843
Amer  Smajkic,https://profiles.rush.edu/profile/15948844
Brian T Smith,https://profiles.rush.edu/profile/15948845
Carrie L Smith,https://profiles.rush.edu/profile/15948846
Diane Y Smith,https://profiles.rush.edu/profile/448334
Michael C Smith,https://profiles.rush.edu/profile/204656
Ryan M Smith,https://profiles.rush.edu/profile/14507329
R. Jeffrey Snell,https://profiles.rush.edu/profile/204657
Jeffrey S Soble,https://profiles.rush.edu/profile/204659
Max O. Soghikian,https://profiles.rush.edu/profile/29061476
Mahtab Sohrevardi,https://profiles.rush.edu/profile/521365
Gene R Solmos,https://profiles.rush.edu/profile/14506796
Barbara A Soltes,https://profiles.rush.edu/profile/204660
Seth  Solway,https://profiles.rush.edu/profile/15948847
Sarah Y Song,https://profiles.rush.edu/profile/177820
Jayesh Soni,https://profiles.rush.edu/profile/204662
Madhu Soni,https://profiles.rush.edu/profile/448396
Cyndi  Sosnowski,https://profiles.rush.edu/profile/14507756
Diane C Sowa,https://profiles.rush.edu/profile/204663
Anna Spagnoli,https://profiles.rush.edu/profile/200950
Arlene M Sperhac,https://profiles.rush.edu/profile/15948848
Scott Sporer,https://profiles.rush.edu/profile/200934
Jessica E Starck,https://profiles.rush.edu/profile/15948849
Brian D Stein,https://profiles.rush.edu/profile/204668
Kelly B Stein,https://profiles.rush.edu/profile/14506999
Robert M Stein,https://profiles.rush.edu/profile/14507330
Lisa R Stempel,https://profiles.rush.edu/profile/14507048
Kerstin Stenson,https://profiles.rush.edu/profile/204669
David  Stern,https://profiles.rush.edu/profile/14507812
Lena  Stern,https://profiles.rush.edu/profile/15948850
Jane M Stevens,https://profiles.rush.edu/profile/15948851
David A Stewart,https://profiles.rush.edu/profile/15948852
Austin V Stone,https://profiles.rush.edu/profile/15948921
Maria  Stone,https://profiles.rush.edu/profile/14507171
Milena  Stosic,https://profiles.rush.edu/profile/14507172
Travis R Stoub,https://profiles.rush.edu/profile/204672
Mary Ellen Stoykov,https://profiles.rush.edu/profile/204538
Howard T Strassner,https://profiles.rush.edu/profile/204673
Pamela D Strauss,https://profiles.rush.edu/profile/204674
John J Stryker,https://profiles.rush.edu/profile/15948853
Mary K Sturaitis,https://profiles.rush.edu/profile/204675
Tisha  Suboc,https://profiles.rush.edu/profile/14507491
Stacey  Sudholt,https://profiles.rush.edu/profile/14507449
Linda  Suleiman,https://profiles.rush.edu/profile/15948988
David  Sum,https://profiles.rush.edu/profile/15948946
Dale R Sumner,https://profiles.rush.edu/profile/29675
Jen'nea Sumo,https://profiles.rush.edu/profile/204676
Jun  Sun,https://profiles.rush.edu/profile/15948854
Tina W Sundaram,https://profiles.rush.edu/profile/14507493
Mark Patrick Supanich,https://profiles.rush.edu/profile/29676
Hussam Saleh Suradi,https://profiles.rush.edu/profile/14506817
Mosmi  Surati,https://profiles.rush.edu/profile/14507173
Paola  Susan,https://profiles.rush.edu/profile/14507270
Jaini M Sutaria,https://profiles.rush.edu/profile/15948855
Edward  Sutter,https://profiles.rush.edu/profile/15948982
Joanne  Sutter,https://profiles.rush.edu/profile/14506926
Tolga  Suvar,https://profiles.rush.edu/profile/15948260
Barbara A Swanson,https://profiles.rush.edu/profile/29677
Garth R Swanson,https://profiles.rush.edu/profile/204571
Robert J Swanson,https://profiles.rush.edu/profile/15948856
Sandra S Swantek,https://profiles.rush.edu/profile/204677
Kathryn D Swartwout,https://profiles.rush.edu/profile/448336
Sean  Swearingen,https://profiles.rush.edu/profile/14507452
Michelle L Sweet,https://profiles.rush.edu/profile/204678
Susan M Swider,https://profiles.rush.edu/profile/204679
Irmina  Swiostek,https://profiles.rush.edu/profile/29061477
Aimee J Szewka,https://profiles.rush.edu/profile/448397
Bobby A Tajudeen,https://profiles.rush.edu/profile/448520
Joyce  Tam,https://profiles.rush.edu/profile/14506930
Maria Teresa  Tam,https://profiles.rush.edu/profile/448473
Manish D Tandon,https://profiles.rush.edu/profile/15948857
Rajive Tandon,https://profiles.rush.edu/profile/204594
John M Tang,https://profiles.rush.edu/profile/204680
Christy C Tangney,https://profiles.rush.edu/profile/204681
Anjali  Tannan,https://profiles.rush.edu/profile/14507655
Paul  Tannous,https://profiles.rush.edu/profile/14507272
Nicholas  Tardi,https://profiles.rush.edu/profile/15948947
Shinya Tasaki,https://profiles.rush.edu/profile/521366
Jordan C Tasse,https://profiles.rush.edu/profile/14506931
Antone  Tatooles,https://profiles.rush.edu/profile/14507657
Steven J Taylor,https://profiles.rush.edu/profile/14507453
Stefan  Tchernodrinski,https://profiles.rush.edu/profile/15948858
Seena  Tehrani,https://profiles.rush.edu/profile/29536403
Alistair  Templeton,https://profiles.rush.edu/profile/448462
Frank  Tenuto,https://profiles.rush.edu/profile/14506768
Meron K Teshome,https://profiles.rush.edu/profile/15948859
Karen C Tessler,https://profiles.rush.edu/profile/15948860
CHS  Test,https://profiles.rush.edu/profile/15948955
Sr Active   Test,https://profiles.rush.edu/profile/15949001
RMC  Test1,https://profiles.rush.edu/profile/17461031
Joseph A Thomas,https://profiles.rush.edu/profile/15948998
Clayton L Thomason,https://profiles.rush.edu/profile/204683
Delamie F. Thompson,https://profiles.rush.edu/profile/448337
Hale M. Thompson,https://profiles.rush.edu/profile/448376
Eugene J Thonar,https://profiles.rush.edu/profile/15948861
Nikita  Tihonov,https://profiles.rush.edu/profile/14507223
Mary C Tobin,https://profiles.rush.edu/profile/204561
Alfonso Torquati,https://profiles.rush.edu/profile/204684
Steven  Torres,https://profiles.rush.edu/profile/15948862
Jennifer H Towbin,https://profiles.rush.edu/profile/14506934
Robert  Tracey,https://profiles.rush.edu/profile/15948957
Melissa J Tracy,https://profiles.rush.edu/profile/448510
Phuong B Tran,https://profiles.rush.edu/profile/15948863
Vincent C Traynelis,https://profiles.rush.edu/profile/204685
Abhaya Pandit Trivedi,https://profiles.rush.edu/profile/14507659
Christine S Tsai,https://profiles.rush.edu/profile/204688
Ben J Tseng,https://profiles.rush.edu/profile/14507700
Yvonne  Tumbali,https://profiles.rush.edu/profile/204689
Ulku C Turba,https://profiles.rush.edu/profile/14507503
Rafael F Turbay,https://profiles.rush.edu/profile/15948864
Julius V Turian,https://profiles.rush.edu/profile/200973
Jason Scott Turner,https://profiles.rush.edu/profile/1128927
Joanna C Tylka,https://profiles.rush.edu/profile/448413
Ozuru  Ukoha,https://profiles.rush.edu/profile/15948865
Lydia Usha,https://profiles.rush.edu/profile/204690
Celalettin  Ustun,https://profiles.rush.edu/profile/14507763
Emily C Vafek,https://profiles.rush.edu/profile/15948866
Leonard A Valentino,https://profiles.rush.edu/profile/15948867
Latha Valluripalli Soorya,https://profiles.rush.edu/profile/200969
Elizabeth R Van Opstal,https://profiles.rush.edu/profile/204691
Jonathon  Van Schelt,https://profiles.rush.edu/profile/14506935
David H Van Thiel,https://profiles.rush.edu/profile/15948868
Sara  VandenBranden,https://profiles.rush.edu/profile/15948245
Laura  Vanpuymbrouck,https://profiles.rush.edu/profile/1227447
Alexandra  Vardouniotis,https://profiles.rush.edu/profile/14507661
Peter  Varga,https://profiles.rush.edu/profile/15948902
Alejandro  Vargas,https://profiles.rush.edu/profile/14507662
Arya G Varthi,https://profiles.rush.edu/profile/15948869
Mona  Vashi,https://profiles.rush.edu/profile/14507178
Octavio A Vega,https://profiles.rush.edu/profile/14507233
Jose M Velasco,https://profiles.rush.edu/profile/14506936
Jennifer C Ventrelle,https://profiles.rush.edu/profile/204693
Michelle L Ventura,https://profiles.rush.edu/profile/448488
Parameswaran Venugopal,https://profiles.rush.edu/profile/204585
Nikhil Verma,https://profiles.rush.edu/profile/200937
Jane  Vernik,https://profiles.rush.edu/profile/15948870
Ernesto J Villegas,https://profiles.rush.edu/profile/14506745
David L Vines,https://profiles.rush.edu/profile/204694
Vanee V Virasch,https://profiles.rush.edu/profile/14507519
Amarjit S Virdi,https://profiles.rush.edu/profile/204695
Sumeet  Virmani,https://profiles.rush.edu/profile/14507458
Jessica Vlaming,https://profiles.rush.edu/profile/521367
Bridget L Voigt,https://profiles.rush.edu/profile/14507702
Robin Voigt-Zuwala,https://profiles.rush.edu/profile/204696
Annabelle Santos Volgman,https://profiles.rush.edu/profile/204697
Beth A Volin,https://profiles.rush.edu/profile/204698
Srinivas Vourganti,https://profiles.rush.edu/profile/448295
Chau M Vu,https://profiles.rush.edu/profile/15948923
Brian L Wagenaar,https://profiles.rush.edu/profile/15948871
Amy E Wagenfeld,https://profiles.rush.edu/profile/15948872
Carl M Wahlstrom,https://profiles.rush.edu/profile/15948873
Cynthia M Waickus,https://profiles.rush.edu/profile/204699
Allison L Wainer,https://profiles.rush.edu/profile/204700
Allison L Wainer,https://profiles.rush.edu/profile/448375
Joyce Anne  Wainio,https://profiles.rush.edu/profile/14506937
Rose  Walczak,https://profiles.rush.edu/profile/14507332
Sara J Wallace,https://profiles.rush.edu/profile/15948920
David L Walner,https://profiles.rush.edu/profile/15948874
Amy C. Walsh,https://profiles.rush.edu/profile/29061478
Beth L Walsh,https://profiles.rush.edu/profile/15948875
Dian Wang,https://profiles.rush.edu/profile/200974
Dian Wang,https://profiles.rush.edu/profile/448292
Emily Q Wang,https://profiles.rush.edu/profile/204703
Kenny Lee Wang,https://profiles.rush.edu/profile/15948958
Lai Wang,https://profiles.rush.edu/profile/204701
Tianhao  Wang,https://profiles.rush.edu/profile/1204870
Vincent M Wang,https://profiles.rush.edu/profile/15948876
Yanling  Wang,https://profiles.rush.edu/profile/1204872
Zhenxin Wang,https://profiles.rush.edu/profile/204702
Kirsten  Warner,https://profiles.rush.edu/profile/14507003
Surbhi  Warrior,https://profiles.rush.edu/profile/29061479
Monnie  Wasse,https://profiles.rush.edu/profile/14507180
Brian  Waterman,https://profiles.rush.edu/profile/15948911
Thomas  Webb,https://profiles.rush.edu/profile/15948877
Kathleen Weber,https://profiles.rush.edu/profile/204597
Stephanie L Weddle,https://profiles.rush.edu/profile/14507459
Ann  Wehmeyer,https://profiles.rush.edu/profile/15948878
Kaitlyn M Weidenbach,https://profiles.rush.edu/profile/15948879
Robert A Weinstein,https://profiles.rush.edu/profile/204709
Norman  Weinzweig,https://profiles.rush.edu/profile/14507225
David J Weiss,https://profiles.rush.edu/profile/15948880
Ronald S Weiss,https://profiles.rush.edu/profile/14507333
Tyler  Weiss,https://profiles.rush.edu/profile/14507496
John S Weitzner,https://profiles.rush.edu/profile/448474
Adrienne J Wells,https://profiles.rush.edu/profile/15948881
Joao P Werneck-De Castro,https://profiles.rush.edu/profile/204710
Brianna  Werner,https://profiles.rush.edu/profile/14507703
Jennifer  Weuve,https://profiles.rush.edu/profile/15948882
Steven  White,https://profiles.rush.edu/profile/15948883
William L Whittier,https://profiles.rush.edu/profile/204711
William L Whittier,https://profiles.rush.edu/profile/448512
R. Mark Wiet,https://profiles.rush.edu/profile/204713
JoEllen Wilbur,https://profiles.rush.edu/profile/29679
John A Wiley,https://profiles.rush.edu/profile/14506939
Brett Williams,https://profiles.rush.edu/profile/448545
David L Williams,https://profiles.rush.edu/profile/204562
Joel Williams,https://profiles.rush.edu/profile/14506940
Kenya M Williams,https://profiles.rush.edu/profile/14507005
Adam  Wilson,https://profiles.rush.edu/profile/204715
Brittany M. Wilson,https://profiles.rush.edu/profile/14507704
Burgess C Wilson,https://profiles.rush.edu/profile/15948884
Robert S Wilson,https://profiles.rush.edu/profile/448289
Markus A Wimmer,https://profiles.rush.edu/profile/200941
Amy K Winston,https://profiles.rush.edu/profile/14507666
Robert J Wolf,https://profiles.rush.edu/profile/15948885
Yvonne Wolny,https://profiles.rush.edu/profile/448491
Emily  Wolodiger,https://profiles.rush.edu/profile/14506748
Sarah Y Won,https://profiles.rush.edu/profile/448544
Mary W Wood-Molo,https://profiles.rush.edu/profile/448475
Julie Worley,https://profiles.rush.edu/profile/204717
Megan M Worthington,https://profiles.rush.edu/profile/14507183
Karen L Wright,https://profiles.rush.edu/profile/204718
Robert B Wright,https://profiles.rush.edu/profile/448392
James K Wyatt,https://profiles.rush.edu/profile/204719
Robert W. Wysocki,https://profiles.rush.edu/profile/200939
Guozhi Xiao,https://profiles.rush.edu/profile/204534
Wenlu W Xiong,https://profiles.rush.edu/profile/2473433
Jiageng  Xu,https://profiles.rush.edu/profile/15948956
Jishu  Xu,https://profiles.rush.edu/profile/14506943
Xiulong  Xu,https://profiles.rush.edu/profile/15948886
Lei  Yan,https://profiles.rush.edu/profile/15948234
Chunhui  Yang,https://profiles.rush.edu/profile/15948887
Jingyun  Yang,https://profiles.rush.edu/profile/2473427
Weidong Yang,https://profiles.rush.edu/profile/448374
Adam Yanke,https://profiles.rush.edu/profile/200940
Janet  Yarboi,https://profiles.rush.edu/profile/14506944
Marsha E Yelen,https://profiles.rush.edu/profile/14254683
Aparna  Yellapa,https://profiles.rush.edu/profile/15948953
Elizabeth  Yepez,https://profiles.rush.edu/profile/14506751
Haritha  Yepuri,https://profiles.rush.edu/profile/15949010
Mark A Yoder,https://profiles.rush.edu/profile/204723
Kenneth  Yokosawa,https://profiles.rush.edu/profile/448534
Elda P Yonan,https://profiles.rush.edu/profile/15948888
Jongwon  Yoo,https://profiles.rush.edu/profile/14506945
Sloane L York,https://profiles.rush.edu/profile/204724
Adam  Young,https://profiles.rush.edu/profile/448432
Jonathan  Young,https://profiles.rush.edu/profile/15948229
Lei Yu,https://profiles.rush.edu/profile/197277
Elif  Yucebay,https://profiles.rush.edu/profile/14506752
Antonia Zaferiou,https://profiles.rush.edu/profile/521369
John M Zajecka,https://profiles.rush.edu/profile/204726
Alyson K. Zalta,https://profiles.rush.edu/profile/200970
Melissa M Zammichieli,https://profiles.rush.edu/profile/15948241
Enrique  Zaragoza,https://profiles.rush.edu/profile/14506753
Anthony M Zelazny,https://profiles.rush.edu/profile/204727
John C Zeyer,https://profiles.rush.edu/profile/15948917
Chunxiang (Kevin)  Zhang,https://profiles.rush.edu/profile/15948890
Lijuan Zhang,https://profiles.rush.edu/profile/448358
Wanna  Zhang,https://profiles.rush.edu/profile/14507526
Lan Zhao,https://profiles.rush.edu/profile/204535
Heming Zhen,https://profiles.rush.edu/profile/204728
Qiping  Zheng,https://profiles.rush.edu/profile/15948891
Jingsong  Zhou,https://profiles.rush.edu/profile/15948892
Lili  Zhou,https://profiles.rush.edu/profile/14507053
David K Zich,https://profiles.rush.edu/profile/14507817
Matthew  Ziegelmann,https://profiles.rush.edu/profile/15949065
Laura J Zimmermann,https://profiles.rush.edu/profile/14507054
Gilat  Zisman,https://profiles.rush.edu/profile/15948893
Felise Zollman,https://profiles.rush.edu/profile/448393
Mary Zonsius,https://profiles.rush.edu/profile/448338
